-- phpMyAdmin SQL Dump
-- version 4.2.7.1
-- http://www.phpmyadmin.net
--
-- Servidor: 127.0.0.1
-- Tiempo de generación: 04-05-2015 a las 23:20:33
-- Versión del servidor: 5.6.20
-- Versión de PHP: 5.5.15

SET SQL_MODE = "NO_AUTO_VALUE_ON_ZERO";
SET time_zone = "+00:00";


/*!40101 SET @OLD_CHARACTER_SET_CLIENT=@@CHARACTER_SET_CLIENT */;
/*!40101 SET @OLD_CHARACTER_SET_RESULTS=@@CHARACTER_SET_RESULTS */;
/*!40101 SET @OLD_COLLATION_CONNECTION=@@COLLATION_CONNECTION */;
/*!40101 SET NAMES utf8 */;

--
-- Base de datos: `db_unmask`
--

-- --------------------------------------------------------

--
-- Estructura de tabla para la tabla `alias`
--

CREATE TABLE IF NOT EXISTS `alias` (
`idAlias` int(10) unsigned NOT NULL,
  `nombre` varchar(255) COLLATE utf8_unicode_ci NOT NULL,
  `password` varchar(255) COLLATE utf8_unicode_ci NOT NULL,
  `correo` varchar(255) COLLATE utf8_unicode_ci NOT NULL,
  `pais` varchar(255) COLLATE utf8_unicode_ci DEFAULT NULL,
  `estado` varchar(255) COLLATE utf8_unicode_ci DEFAULT NULL,
  `created_at` timestamp NOT NULL DEFAULT '0000-00-00 00:00:00',
  `updated_at` timestamp NOT NULL DEFAULT '0000-00-00 00:00:00'
) ENGINE=InnoDB  DEFAULT CHARSET=utf8 COLLATE=utf8_unicode_ci AUTO_INCREMENT=32 ;

--
-- Volcado de datos para la tabla `alias`
--

INSERT INTO `alias` (`idAlias`, `nombre`, `password`, `correo`, `pais`, `estado`, `created_at`, `updated_at`) VALUES
(1, 'Jax Destructor de Mundos', '123', 'jaxddm@gmail.com', 'Mexico', 'DF', '2015-03-29 02:48:25', '2015-03-29 02:48:25'),
(2, 'ok', 'ok', 'ok', 'Mexico', 'DF', '2015-03-29 02:48:25', '2015-03-29 02:48:25'),
(3, 'LOL', 'lol', 'lol', 'Alemania', 'Munich', '2015-04-02 08:10:07', '2015-04-02 08:10:07'),
(4, 'La Rata', 'rata', 'rata', 'Mexico', 'Durango', '2015-04-02 09:27:50', '2015-04-02 09:27:50'),
(5, 'unmask1', '1a1a1a', 'unmaskme123@gmail.com', 'mexico', 'mexico', '2015-04-03 10:15:45', '2015-04-03 10:15:45'),
(6, 'eee', 'eeee', 'eee', '', '', '2015-04-04 04:12:04', '2015-04-04 04:12:04'),
(7, 'unmask', '1a1a1a', 'unmask@ma.com', 'mexico', 'mexico', '2015-04-04 21:54:20', '2015-04-04 21:54:20'),
(8, 'Chano', 'chano', 'chano', 'Mexico', 'Durango', '2015-04-05 22:34:07', '2015-04-05 22:34:07'),
(9, 'cheto', 'cheto', 'nasus', 'Mexico', 'Durango', '2015-04-06 16:52:41', '2015-04-06 16:52:41'),
(10, 'chuy', 'chuy', '', 'Mexico', 'Durango', '2015-04-06 17:05:52', '2015-04-06 17:05:52'),
(18, 'charro', 'charro', 'charro', 'Mexico', 'd', '2015-04-06 17:40:13', '2015-04-06 17:40:13'),
(19, 'marc', '1a1a1a', 'marc', 'Mexico', 'mexico', '2015-04-06 17:48:36', '2015-04-06 17:48:36'),
(20, 'chuck', 'chuck', 'chuck', 'Mexico', 'Mexico', '2015-04-06 17:50:35', '2015-04-06 17:50:35'),
(21, 'loco', 'loco', 'loco', 'Mexico', 'Mexico', '2015-04-06 17:51:12', '2015-04-06 17:51:12'),
(22, 'otro', 'otro', 'otro', 'Mexico', 'Zacatecas', '2015-04-06 18:05:53', '2015-04-06 18:05:53'),
(23, '12345', '12345', '12345', 'Brasil', 'Rio de Janeiro', '2015-04-06 20:32:28', '2015-04-06 20:32:28'),
(24, '1', '1', '1', 'Mexico', 'Durango', '2015-04-06 20:41:45', '2015-04-06 20:41:45'),
(25, '2', '2', '2', 'Mexico', 'Durango', '2015-04-06 22:56:28', '2015-04-06 22:56:28'),
(26, 'carlo', '1a1a1a', 'carlo', 'Mexico', 'mexico', '2015-04-06 22:57:22', '2015-04-06 22:57:22'),
(27, 'pico', '1234', 'pico', 'Mexico', 'Guanajuato', '2015-04-11 15:33:47', '2015-04-11 15:33:47'),
(28, 'hola', 'hola', 'hola', 'España', 'Madrid', '2015-04-11 20:31:51', '2015-04-11 20:31:51'),
(29, 'nunu', 'nunu', 'nunu', 'Mexico', 'Durango', '2015-04-11 20:40:24', '2015-04-11 20:40:24'),
(30, 'oreo', '1234', 'oreo', 'Mexico', 'Durango', '2015-04-17 22:57:01', '2015-04-17 22:57:01'),
(31, 'all', 'all', 'all', 'Mexico', 'Durango', '2015-04-20 16:04:27', '2015-04-20 16:04:27');

-- --------------------------------------------------------

--
-- Estructura de tabla para la tabla `amores`
--

CREATE TABLE IF NOT EXISTS `amores` (
`idAmor` int(10) unsigned NOT NULL,
  `idAlias` int(10) unsigned NOT NULL,
  `idPerfil` int(11) NOT NULL,
  `tipo` int(11) NOT NULL,
  `created_at` timestamp NOT NULL DEFAULT '0000-00-00 00:00:00',
  `updated_at` timestamp NOT NULL DEFAULT '0000-00-00 00:00:00'
) ENGINE=InnoDB  DEFAULT CHARSET=utf8 COLLATE=utf8_unicode_ci AUTO_INCREMENT=15 ;

--
-- Volcado de datos para la tabla `amores`
--

INSERT INTO `amores` (`idAmor`, `idAlias`, `idPerfil`, `tipo`, `created_at`, `updated_at`) VALUES
(13, 2, 1, 1, '2015-04-28 22:12:39', '2015-04-28 22:12:39'),
(14, 2, 10, 1, '2015-05-04 17:01:52', '2015-05-04 17:01:52');

-- --------------------------------------------------------

--
-- Estructura de tabla para la tabla `apodos_publicos`
--

CREATE TABLE IF NOT EXISTS `apodos_publicos` (
`idApodoPublico` int(10) unsigned NOT NULL,
  `idPerfil` int(10) unsigned NOT NULL,
  `idAlias` int(10) unsigned NOT NULL,
  `apodo` varchar(255) COLLATE utf8_unicode_ci NOT NULL,
  `created_at` timestamp NOT NULL DEFAULT '0000-00-00 00:00:00',
  `updated_at` timestamp NOT NULL DEFAULT '0000-00-00 00:00:00'
) ENGINE=InnoDB  DEFAULT CHARSET=utf8 COLLATE=utf8_unicode_ci AUTO_INCREMENT=11 ;

--
-- Volcado de datos para la tabla `apodos_publicos`
--

INSERT INTO `apodos_publicos` (`idApodoPublico`, `idPerfil`, `idAlias`, `apodo`, `created_at`, `updated_at`) VALUES
(1, 17, 2, 'asd', '2015-04-17 18:46:01', '2015-04-17 18:46:01'),
(4, 18, 2, 'apoo1', '2015-04-17 19:29:58', '2015-04-17 19:29:58'),
(5, 18, 2, ' asdf asdf', '2015-04-17 19:41:48', '2015-04-17 19:41:48'),
(6, 19, 2, '', '2015-04-17 22:28:37', '2015-04-17 22:28:37'),
(7, 14, 30, 'asdasd', '2015-04-17 23:37:17', '2015-04-17 23:37:17'),
(8, 14, 30, 'aaa', '2015-04-17 23:37:41', '2015-04-17 23:37:41'),
(9, 14, 30, 'ffff', '2015-04-17 23:38:26', '2015-04-17 23:38:26'),
(10, 20, 2, '', '2015-04-24 02:41:17', '2015-04-24 02:41:17');

-- --------------------------------------------------------

--
-- Estructura de tabla para la tabla `comentarios`
--

CREATE TABLE IF NOT EXISTS `comentarios` (
`idComentario` int(10) unsigned NOT NULL,
  `idPerfil` int(10) unsigned NOT NULL,
  `idAlias` int(10) unsigned NOT NULL,
  `comentario` varchar(255) COLLATE utf8_unicode_ci NOT NULL,
  `created_at` timestamp NOT NULL DEFAULT '0000-00-00 00:00:00',
  `updated_at` timestamp NOT NULL DEFAULT '0000-00-00 00:00:00'
) ENGINE=InnoDB  DEFAULT CHARSET=utf8 COLLATE=utf8_unicode_ci AUTO_INCREMENT=8 ;

--
-- Volcado de datos para la tabla `comentarios`
--

INSERT INTO `comentarios` (`idComentario`, `idPerfil`, `idAlias`, `comentario`, `created_at`, `updated_at`) VALUES
(1, 1, 1, 'Te lo tenias merecido...', '2015-03-29 02:48:26', '2015-03-29 02:48:26'),
(2, 5, 2, 'ADDSADSSDDAS', '2015-04-02 22:38:58', '2015-04-02 22:38:58'),
(3, 4, 2, 'hola\n', '2015-04-02 22:40:34', '2015-04-02 22:40:34'),
(4, 4, 2, 'Hello', '2015-04-03 01:52:25', '2015-04-03 01:52:25'),
(5, 7, 2, 'Hey\n', '2015-04-03 01:54:26', '2015-04-03 01:54:26'),
(6, 2, 2, 'hello', '2015-04-04 05:58:33', '2015-04-04 05:58:33'),
(7, 1, 2, 'estas bien horriblote ', '2015-04-11 03:39:41', '2015-04-11 03:39:41');

-- --------------------------------------------------------

--
-- Estructura de tabla para la tabla `comentarios_fotos`
--

CREATE TABLE IF NOT EXISTS `comentarios_fotos` (
`idComentarioFoto` int(10) unsigned NOT NULL,
  `idFotoPost` int(10) unsigned NOT NULL,
  `idAlias` int(10) unsigned NOT NULL,
  `comentario` varchar(255) COLLATE utf8_unicode_ci NOT NULL,
  `created_at` timestamp NOT NULL DEFAULT '0000-00-00 00:00:00',
  `updated_at` timestamp NOT NULL DEFAULT '0000-00-00 00:00:00'
) ENGINE=InnoDB  DEFAULT CHARSET=utf8 COLLATE=utf8_unicode_ci AUTO_INCREMENT=72 ;

--
-- Volcado de datos para la tabla `comentarios_fotos`
--

INSERT INTO `comentarios_fotos` (`idComentarioFoto`, `idFotoPost`, `idAlias`, `comentario`, `created_at`, `updated_at`) VALUES
(1, 23, 2, 'ewsadddffg', '2015-04-02 05:24:32', '2015-04-02 05:24:32'),
(2, 22, 2, 'sdsds', '2015-04-02 06:11:56', '2015-04-02 06:11:56'),
(3, 22, 2, 'hghgghhghggh', '2015-04-02 06:14:55', '2015-04-02 06:14:55'),
(4, 23, 2, 'saz', '2015-04-02 06:15:01', '2015-04-02 06:15:01'),
(5, 23, 2, 'El logo :3', '2015-04-02 06:31:13', '2015-04-02 06:31:13'),
(18, 34, 2, 'adsdasdasd', '2015-04-02 22:42:12', '2015-04-02 22:42:12'),
(19, 35, 2, 'que bonito', '2015-04-02 22:42:23', '2015-04-02 22:42:23'),
(20, 36, 2, 'El mapa que padre', '2015-04-02 22:42:30', '2015-04-02 22:42:30'),
(21, 37, 2, 'Que padre icono', '2015-04-02 22:42:38', '2015-04-02 22:42:38'),
(22, 33, 2, 'si quiero uno!', '2015-04-02 22:42:45', '2015-04-02 22:42:45'),
(32, 42, 2, 'ddsdssdsdds', '2015-04-03 01:43:57', '2015-04-03 01:43:57'),
(33, 41, 2, 'que casa tan blanca', '2015-04-03 01:44:05', '2015-04-03 01:44:05'),
(34, 42, 2, 'Hola', '2015-04-03 01:45:06', '2015-04-03 01:45:06'),
(41, 39, 2, 'sdfdfsdfs', '2015-04-04 06:50:03', '2015-04-04 06:50:03'),
(42, 38, 2, 'wewewewqwedasd', '2015-04-04 06:50:10', '2015-04-04 06:50:10'),
(43, 40, 2, 'dffdsfdfdfd', '2015-04-04 06:50:20', '2015-04-04 06:50:20'),
(45, 39, 2, 'que casa tan linda', '2015-04-04 23:32:08', '2015-04-04 23:32:08'),
(46, 38, 2, 'saaasss', '2015-04-04 23:32:14', '2015-04-04 23:32:14'),
(47, 40, 2, 'ffdfdfdfdfdfdfdfd', '2015-04-04 23:32:32', '2015-04-04 23:32:32'),
(53, 46, 2, 'fddffgfgfg', '2015-04-04 18:54:14', '2015-04-04 18:54:14'),
(54, 45, 2, 'o', '2015-04-04 18:54:24', '2015-04-04 18:54:24'),
(55, 46, 2, 'f', '2015-04-04 19:05:03', '2015-04-04 19:05:03'),
(56, 45, 2, 'f', '2015-04-04 19:05:07', '2015-04-04 19:05:07'),
(57, 45, 2, 'd', '2015-04-04 19:05:14', '2015-04-04 19:05:14'),
(60, 39, 2, 'r', '2015-04-04 19:05:37', '2015-04-04 19:05:37'),
(61, 38, 2, 'rr', '2015-04-04 19:05:44', '2015-04-04 19:05:44'),
(62, 38, 2, 't', '2015-04-04 19:13:42', '2015-04-04 19:13:42'),
(63, 38, 2, 'casa', '2015-04-04 19:26:28', '2015-04-04 19:26:28'),
(64, 55, 2, 'FSDFFFG', '2015-04-05 06:12:52', '2015-04-05 06:12:52'),
(65, 56, 2, 'FGGFGHJHJDXVCCXV', '2015-04-05 06:13:03', '2015-04-05 06:13:03'),
(66, 57, 2, 'GKULDSZ', '2015-04-05 06:13:10', '2015-04-05 06:13:10'),
(67, 55, 2, 'fdgfhggh', '2015-04-05 06:55:10', '2015-04-05 06:55:10'),
(68, 33, 2, 'wseeddsds', '2015-04-11 03:32:19', '2015-04-11 03:32:19'),
(69, 34, 2, 'gghggh', '2015-04-11 03:32:28', '2015-04-11 03:32:28'),
(70, 14, 2, 'uno', '2015-04-14 18:07:28', '2015-04-14 18:07:28'),
(71, 15, 2, 'dos', '2015-04-14 18:07:32', '2015-04-14 18:07:32');

-- --------------------------------------------------------

--
-- Estructura de tabla para la tabla `comentarios_medias`
--

CREATE TABLE IF NOT EXISTS `comentarios_medias` (
`idComentarioMedia` int(10) unsigned NOT NULL,
  `idMedia` int(10) unsigned NOT NULL,
  `idAlias` int(10) unsigned NOT NULL,
  `comentario` varchar(255) COLLATE utf8_unicode_ci NOT NULL,
  `created_at` timestamp NOT NULL DEFAULT '0000-00-00 00:00:00',
  `updated_at` timestamp NOT NULL DEFAULT '0000-00-00 00:00:00'
) ENGINE=InnoDB DEFAULT CHARSET=utf8 COLLATE=utf8_unicode_ci AUTO_INCREMENT=1 ;

-- --------------------------------------------------------

--
-- Estructura de tabla para la tabla `comentarios_posts`
--

CREATE TABLE IF NOT EXISTS `comentarios_posts` (
`idComentarioPost` int(10) unsigned NOT NULL,
  `idPost` int(10) unsigned NOT NULL,
  `idAlias` int(10) unsigned NOT NULL,
  `comentario` varchar(255) COLLATE utf8_unicode_ci NOT NULL,
  `tipo` int(11) NOT NULL,
  `created_at` timestamp NOT NULL DEFAULT '0000-00-00 00:00:00',
  `updated_at` timestamp NOT NULL DEFAULT '0000-00-00 00:00:00'
) ENGINE=InnoDB  DEFAULT CHARSET=utf8 COLLATE=utf8_unicode_ci AUTO_INCREMENT=29 ;

--
-- Volcado de datos para la tabla `comentarios_posts`
--

INSERT INTO `comentarios_posts` (`idComentarioPost`, `idPost`, `idAlias`, `comentario`, `tipo`, `created_at`, `updated_at`) VALUES
(1, 14, 2, 'ffsdfdf', 1, '2015-03-29 05:12:04', '2015-03-29 05:12:04'),
(5, 15, 2, 'sddsadfssdffsd', 1, '2015-03-29 06:09:01', '2015-03-29 06:09:01'),
(7, 15, 2, 'sadsadsasaddsa', 1, '2015-04-02 05:52:53', '2015-04-02 05:52:53'),
(8, 15, 2, 'sasdsadsdggf', 2, '2015-04-02 05:55:01', '2015-04-02 05:55:01'),
(14, 16, 3, 'dasddsaasddas', 1, '2015-04-02 08:18:35', '2015-04-02 08:18:35'),
(15, 19, 4, 'Que hermosa eres°', 1, '2015-04-02 09:30:36', '2015-04-02 09:30:36'),
(16, 19, 4, 'Que video tan padre!', 2, '2015-04-02 09:31:02', '2015-04-02 09:31:02'),
(17, 23, 2, 'Hola que hay', 1, '2015-04-03 01:39:43', '2015-04-03 01:39:43'),
(18, 23, 2, 'que video tan chido', 2, '2015-04-03 01:40:40', '2015-04-03 01:40:40'),
(19, 30, 2, 'Que lindo video', 2, '2015-04-05 02:28:34', '2015-04-05 02:28:34'),
(20, 30, 2, 'dededeedededed', 1, '2015-04-05 05:35:07', '2015-04-05 05:35:07'),
(21, 30, 2, 'weqwewqeqwefdfdsg', 1, '2015-04-05 05:46:58', '2015-04-05 05:46:58'),
(22, 30, 2, 'ghghhjhjhjh', 2, '2015-04-05 05:47:12', '2015-04-05 05:47:12'),
(23, 32, 2, 'COOL', 2, '2015-04-05 06:11:43', '2015-04-05 06:11:43'),
(24, 32, 2, 'PERFECTO', 1, '2015-04-05 06:11:50', '2015-04-05 06:11:50'),
(25, 30, 2, 'dfsfdfg', 1, '2015-04-05 06:32:30', '2015-04-05 06:32:30'),
(26, 21, 2, 'errerewre', 1, '2015-04-08 23:10:28', '2015-04-08 23:10:28'),
(27, 49, 2, 'wqewqeqw', 1, '2015-04-11 03:31:40', '2015-04-11 03:31:40'),
(28, 17, 26, 'casa casa cas', 1, '2015-04-12 19:34:32', '2015-04-12 19:34:32');

-- --------------------------------------------------------

--
-- Estructura de tabla para la tabla `comentarios_subfotos`
--

CREATE TABLE IF NOT EXISTS `comentarios_subfotos` (
`idComentarioSubfoto` int(10) unsigned NOT NULL,
  `idSubcomentarioFoto` int(10) unsigned NOT NULL,
  `idAlias` int(10) unsigned NOT NULL,
  `comentario` varchar(255) COLLATE utf8_unicode_ci NOT NULL,
  `created_at` timestamp NOT NULL DEFAULT '0000-00-00 00:00:00',
  `updated_at` timestamp NOT NULL DEFAULT '0000-00-00 00:00:00'
) ENGINE=InnoDB  DEFAULT CHARSET=utf8 COLLATE=utf8_unicode_ci AUTO_INCREMENT=13 ;

--
-- Volcado de datos para la tabla `comentarios_subfotos`
--

INSERT INTO `comentarios_subfotos` (`idComentarioSubfoto`, `idSubcomentarioFoto`, `idAlias`, `comentario`, `created_at`, `updated_at`) VALUES
(4, 13, 2, 'saddsd', '2015-04-03 02:15:46', '2015-04-03 02:15:46'),
(5, 14, 2, 'sdsd', '2015-04-03 02:15:49', '2015-04-03 02:15:49'),
(6, 15, 2, 'gfh', '2015-04-03 02:15:53', '2015-04-03 02:15:53'),
(11, 8, 2, 'sddsafsdsdffsd', '2015-04-05 06:37:30', '2015-04-05 06:37:30'),
(12, 6, 2, 'dsadasd', '2015-04-05 06:37:44', '2015-04-05 06:37:44');

-- --------------------------------------------------------

--
-- Estructura de tabla para la tabla `confiables`
--

CREATE TABLE IF NOT EXISTS `confiables` (
`idConfiable` int(10) unsigned NOT NULL,
  `idAlias` int(10) unsigned NOT NULL,
  `idRel` int(11) NOT NULL,
  `tipo` int(11) NOT NULL,
  `confiable` int(11) NOT NULL,
  `created_at` timestamp NOT NULL DEFAULT '0000-00-00 00:00:00',
  `updated_at` timestamp NOT NULL DEFAULT '0000-00-00 00:00:00'
) ENGINE=InnoDB  DEFAULT CHARSET=utf8 COLLATE=utf8_unicode_ci AUTO_INCREMENT=73 ;

--
-- Volcado de datos para la tabla `confiables`
--

INSERT INTO `confiables` (`idConfiable`, `idAlias`, `idRel`, `tipo`, `confiable`, `created_at`, `updated_at`) VALUES
(27, 2, 19, 3, 1, '2015-04-02 22:21:44', '2015-04-02 22:21:44'),
(28, 2, 19, 4, 0, '2015-04-02 22:21:46', '2015-04-02 22:21:46'),
(29, 2, 31, 5, 1, '2015-04-02 22:24:32', '2015-04-02 22:24:32'),
(30, 2, 30, 5, 1, '2015-04-02 22:28:17', '2015-04-02 22:28:17'),
(31, 2, 32, 5, 1, '2015-04-02 22:28:21', '2015-04-02 22:28:21'),
(32, 2, 36, 5, 1, '2015-04-02 22:42:55', '2015-04-02 22:42:55'),
(33, 2, 21, 3, 1, '2015-04-02 22:43:13', '2015-04-02 22:43:13'),
(34, 2, 22, 3, 1, '2015-04-03 01:11:01', '2015-04-03 01:11:01'),
(35, 2, 23, 3, 1, '2015-04-03 01:39:09', '2015-04-03 01:39:09'),
(36, 2, 23, 4, 0, '2015-04-03 01:40:22', '2015-04-03 01:40:22'),
(37, 2, 41, 5, 1, '2015-04-03 01:44:00', '2015-04-03 01:44:00'),
(38, 2, 8, 6, 1, '2015-04-03 02:15:20', '2015-04-03 02:15:20'),
(39, 2, 8, 7, 1, '2015-04-03 02:15:27', '2015-04-03 02:15:27'),
(40, 2, 0, 8, 1, '2015-04-03 02:15:34', '2015-04-03 02:15:34'),
(41, 5, 23, 4, 1, '2015-04-03 10:31:22', '2015-04-03 10:31:22'),
(42, 5, 23, 3, 0, '2015-04-03 10:46:16', '2015-04-03 10:46:16'),
(43, 5, 28, 4, 1, '2015-04-03 11:05:02', '2015-04-03 11:05:02'),
(44, 5, 28, 3, 1, '2015-04-03 11:05:04', '2015-04-03 11:05:04'),
(45, 6, 22, 4, 1, '2015-04-04 04:21:38', '2015-04-04 04:21:38'),
(46, 2, 1, 6, 1, '2015-04-04 06:25:39', '2015-04-04 06:25:39'),
(47, 2, 0, 5, 1, '2015-04-04 06:39:56', '2015-04-04 06:39:56'),
(48, 2, 38, 5, 1, '2015-04-04 06:50:14', '2015-04-04 06:50:14'),
(49, 2, 25, 4, 1, '2015-04-04 23:31:53', '2015-04-04 23:31:53'),
(50, 2, 40, 5, 1, '2015-04-04 23:32:33', '2015-04-04 23:32:33'),
(51, 2, 9, 6, 1, '2015-04-04 23:37:21', '2015-04-04 23:37:21'),
(52, 2, 30, 4, 1, '2015-04-05 02:28:18', '2015-04-05 02:28:18'),
(53, 2, 10, 6, 1, '2015-04-05 04:38:39', '2015-04-05 04:38:39'),
(54, 2, 30, 3, 1, '2015-04-05 05:47:03', '2015-04-05 05:47:03'),
(55, 2, 5, 7, 1, '2015-04-05 06:02:08', '2015-04-05 06:02:08'),
(56, 2, 5, 6, 1, '2015-04-05 06:02:11', '2015-04-05 06:02:11'),
(57, 2, 32, 4, 1, '2015-04-05 06:11:35', '2015-04-05 06:11:35'),
(58, 2, 32, 3, 1, '2015-04-05 06:11:37', '2015-04-05 06:11:37'),
(59, 2, 55, 5, 1, '2015-04-05 06:12:54', '2015-04-05 06:12:54'),
(60, 2, 57, 5, 1, '2015-04-05 06:13:15', '2015-04-05 06:13:15'),
(61, 2, 10, 7, 0, '2015-04-05 06:32:21', '2015-04-05 06:32:21'),
(62, 2, 8, 8, 1, '2015-04-05 06:37:32', '2015-04-05 06:37:32'),
(63, 2, 6, 8, 1, '2015-04-05 06:37:47', '2015-04-05 06:37:47'),
(64, 2, 12, 6, 1, '2015-04-05 20:32:33', '2015-04-05 20:32:33'),
(65, 2, 37, 3, 1, '2015-04-06 00:01:17', '2015-04-06 00:01:17'),
(66, 2, 21, 4, 1, '2015-04-08 20:45:19', '2015-04-08 20:45:19'),
(67, 2, 49, 3, 1, '2015-04-11 03:31:34', '2015-04-11 03:31:34'),
(68, 2, 33, 5, 1, '2015-04-11 03:32:24', '2015-04-11 03:32:24'),
(69, 2, 34, 5, 0, '2015-04-11 03:32:30', '2015-04-11 03:32:30'),
(70, 2, 50, 3, 1, '2015-04-12 17:48:43', '2015-04-12 17:48:43'),
(71, 26, 14, 3, 1, '2015-04-12 19:39:12', '2015-04-12 19:39:12'),
(72, 2, 9, 3, 1, '2015-04-14 22:40:14', '2015-04-14 22:40:14');

-- --------------------------------------------------------

--
-- Estructura de tabla para la tabla `estados`
--

CREATE TABLE IF NOT EXISTS `estados` (
`idEstado` int(10) unsigned NOT NULL,
  `nombre` varchar(255) COLLATE utf8_unicode_ci NOT NULL,
  `created_at` timestamp NOT NULL DEFAULT '0000-00-00 00:00:00',
  `updated_at` timestamp NOT NULL DEFAULT '0000-00-00 00:00:00'
) ENGINE=InnoDB  DEFAULT CHARSET=utf8 COLLATE=utf8_unicode_ci AUTO_INCREMENT=3 ;

--
-- Volcado de datos para la tabla `estados`
--

INSERT INTO `estados` (`idEstado`, `nombre`, `created_at`, `updated_at`) VALUES
(1, 'Durango', '2015-03-29 02:48:25', '2015-03-29 02:48:25'),
(2, 'prueba', '0000-00-00 00:00:00', '0000-00-00 00:00:00');

-- --------------------------------------------------------

--
-- Estructura de tabla para la tabla `fotos_posts`
--

CREATE TABLE IF NOT EXISTS `fotos_posts` (
`idFotoPost` int(10) unsigned NOT NULL,
  `idPost` int(10) unsigned NOT NULL,
  `foto` varchar(255) COLLATE utf8_unicode_ci NOT NULL,
  `created_at` timestamp NOT NULL DEFAULT '0000-00-00 00:00:00',
  `updated_at` timestamp NOT NULL DEFAULT '0000-00-00 00:00:00'
) ENGINE=InnoDB  DEFAULT CHARSET=utf8 COLLATE=utf8_unicode_ci AUTO_INCREMENT=138 ;

--
-- Volcado de datos para la tabla `fotos_posts`
--

INSERT INTO `fotos_posts` (`idFotoPost`, `idPost`, `foto`, `created_at`, `updated_at`) VALUES
(1, 1, 'e_1503282239271427582367531.jpg', '2015-03-29 04:39:27', '2015-03-29 04:39:27'),
(2, 2, 'e_1503282239371427582377395.jpg', '2015-03-29 04:39:37', '2015-03-29 04:39:37'),
(3, 3, 'e_1503282239381427582378528.jpg', '2015-03-29 04:39:38', '2015-03-29 04:39:38'),
(4, 4, 'e_1503282239381427582378649.jpg', '2015-03-29 04:39:38', '2015-03-29 04:39:38'),
(5, 5, 'e_1503282239381427582378830.jpg', '2015-03-29 04:39:38', '2015-03-29 04:39:38'),
(6, 6, 'e_1503282239391427582379849.jpg', '2015-03-29 04:39:39', '2015-03-29 04:39:39'),
(7, 7, 'e_1503282239401427582380153.jpg', '2015-03-29 04:39:40', '2015-03-29 04:39:40'),
(8, 8, 'e_1503282239401427582380325.jpg', '2015-03-29 04:39:40', '2015-03-29 04:39:40'),
(9, 9, 'e_1503282239401427582380467.jpg', '2015-03-29 04:39:40', '2015-03-29 04:39:40'),
(10, 10, 'e_1503282239411427582381566.jpg', '2015-03-29 04:39:41', '2015-03-29 04:39:41'),
(11, 11, 'e_1503282239411427582381695.jpg', '2015-03-29 04:39:41', '2015-03-29 04:39:41'),
(12, 12, 'e_1503282239411427582381883.jpg', '2015-03-29 04:39:41', '2015-03-29 04:39:41'),
(13, 13, 'e_1503282239421427582382071.jpg', '2015-03-29 04:39:42', '2015-03-29 04:39:42'),
(14, 14, 'e_1503282255401427583340375.jpg', '2015-03-29 04:55:40', '2015-03-29 04:55:40'),
(15, 14, 'e_1503282255401427583340390.jpg', '2015-03-29 04:55:40', '2015-03-29 04:55:40'),
(16, 14, 'e_1503282255401427583340419.jpg', '2015-03-29 04:55:40', '2015-03-29 04:55:40'),
(17, 14, 'e_1503282255401427583340457.jpg', '2015-03-29 04:55:40', '2015-03-29 04:55:40'),
(18, 14, 'e_1503282255401427583340540.jpg', '2015-03-29 04:55:40', '2015-03-29 04:55:40'),
(19, 14, 'e_1503282255401427583340553.jpg', '2015-03-29 04:55:40', '2015-03-29 04:55:40'),
(20, 14, 'e_1503282255401427583340567.jpg', '2015-03-29 04:55:40', '2015-03-29 04:55:40'),
(21, 15, 'e_1503290008481427587728379.jpg', '2015-03-29 06:08:48', '2015-03-29 06:08:48'),
(22, 15, 'e_1503290008481427587728395.jpg', '2015-03-29 06:08:48', '2015-03-29 06:08:48'),
(23, 15, 'e_1503290008481427587728415.jpg', '2015-03-29 06:08:48', '2015-03-29 06:08:48'),
(24, 15, 'e_1503290008481427587728437.jpg', '2015-03-29 06:08:48', '2015-03-29 06:08:48'),
(25, 15, 'e_1503290008481427587728466.jpg', '2015-03-29 06:08:48', '2015-03-29 06:08:48'),
(26, 16, 'e_1504020218261427941106607.jpg', '2015-04-02 08:18:26', '2015-04-02 08:18:26'),
(27, 16, 'e_1504020218261427941106673.jpg', '2015-04-02 08:18:26', '2015-04-02 08:18:26'),
(28, 16, 'e_1504020218261427941106710.jpg', '2015-04-02 08:18:26', '2015-04-02 08:18:26'),
(29, 16, 'e_1504020218261427941106741.jpg', '2015-04-02 08:18:26', '2015-04-02 08:18:26'),
(30, 19, 'e_1504020330061427945406401.jpg', '2015-04-02 09:30:06', '2015-04-02 09:30:06'),
(31, 19, 'e_1504020330061427945406497.jpg', '2015-04-02 09:30:06', '2015-04-02 09:30:06'),
(32, 19, 'e_1504020330061427945406509.jpg', '2015-04-02 09:30:06', '2015-04-02 09:30:06'),
(33, 21, 'e_1504021638281427992708483.jpg', '2015-04-02 22:38:28', '2015-04-02 22:38:28'),
(34, 21, 'e_1504021638281427992708513.jpg', '2015-04-02 22:38:28', '2015-04-02 22:38:28'),
(35, 21, 'e_1504021638281427992708550.jpg', '2015-04-02 22:38:28', '2015-04-02 22:38:28'),
(36, 21, 'e_1504021638281427992708563.jpg', '2015-04-02 22:38:28', '2015-04-02 22:38:28'),
(37, 21, 'e_1504021638281427992708575.jpg', '2015-04-02 22:38:28', '2015-04-02 22:38:28'),
(38, 22, 'e_1504021910231428001823277.jpg', '2015-04-03 01:10:23', '2015-04-03 01:10:23'),
(39, 22, 'e_1504021910231428001823292.jpg', '2015-04-03 01:10:23', '2015-04-03 01:10:23'),
(40, 22, 'e_1504021910231428001823347.jpg', '2015-04-03 01:10:23', '2015-04-03 01:10:23'),
(41, 23, 'e_1504021937181428003438635.jpg', '2015-04-03 01:37:18', '2015-04-03 01:37:18'),
(42, 23, 'e_1504021937181428003438711.jpg', '2015-04-03 01:37:18', '2015-04-03 01:37:18'),
(43, 23, 'e_1504021937181428003438729.jpg', '2015-04-03 01:37:18', '2015-04-03 01:37:18'),
(44, 23, 'e_1504021937181428003438741.jpg', '2015-04-03 01:37:18', '2015-04-03 01:37:18'),
(45, 29, 'e_1504041735091428168909921.jpg', '2015-04-04 23:35:09', '2015-04-04 23:35:09'),
(46, 29, 'e_1504041735091428168909936.jpg', '2015-04-04 23:35:09', '2015-04-04 23:35:09'),
(47, 30, 'e_1504041950141428198614980.jpg', '2015-04-05 01:50:14', '2015-04-05 01:50:14'),
(48, 30, 'e_1504041950151428198615002.jpg', '2015-04-05 01:50:15', '2015-04-05 01:50:15'),
(49, 30, 'e_1504041950151428198615016.jpg', '2015-04-05 01:50:15', '2015-04-05 01:50:15'),
(50, 30, 'e_1504041950151428198615037.jpg', '2015-04-05 01:50:15', '2015-04-05 01:50:15'),
(51, 31, 'e_1504042344141428212654535.jpg', '2015-04-05 05:44:14', '2015-04-05 05:44:14'),
(52, 31, 'e_1504042344141428212654565.jpg', '2015-04-05 05:44:14', '2015-04-05 05:44:14'),
(53, 31, 'e_1504042344141428212654653.jpg', '2015-04-05 05:44:14', '2015-04-05 05:44:14'),
(54, 31, 'e_1504042344141428212654667.jpg', '2015-04-05 05:44:14', '2015-04-05 05:44:14'),
(55, 32, 'e_1504050011281428214288574.jpg', '2015-04-05 06:11:28', '2015-04-05 06:11:28'),
(56, 32, 'e_1504050011281428214288764.jpg', '2015-04-05 06:11:28', '2015-04-05 06:11:28'),
(57, 32, 'e_1504050011281428214288785.jpg', '2015-04-05 06:11:28', '2015-04-05 06:11:28'),
(58, 38, 'e_1504051905451428278745009.jpg', '2015-04-06 00:05:45', '2015-04-06 00:05:45'),
(59, 38, 'e_1504051905451428278745048.jpg', '2015-04-06 00:05:45', '2015-04-06 00:05:45'),
(60, 38, 'e_1504051905451428278745087.jpg', '2015-04-06 00:05:45', '2015-04-06 00:05:45'),
(61, 39, 'e_1504051910531428279053556.jpg', '2015-04-06 00:10:53', '2015-04-06 00:10:53'),
(62, 40, 'e_1504051910541428279054861.jpg', '2015-04-06 00:10:54', '2015-04-06 00:10:54'),
(63, 41, 'e_1504051910561428279056207.jpg', '2015-04-06 00:10:56', '2015-04-06 00:10:56'),
(64, 42, 'e_1504051910561428279056438.jpg', '2015-04-06 00:10:56', '2015-04-06 00:10:56'),
(65, 43, 'e_1504051910581428279058203.jpg', '2015-04-06 00:10:58', '2015-04-06 00:10:58'),
(66, 44, 'e_1504051910581428279058343.jpg', '2015-04-06 00:10:58', '2015-04-06 00:10:58'),
(67, 51, 'e_1504121444051428867845979.jpg', '2015-04-12 19:44:05', '2015-04-12 19:44:05'),
(68, 52, 'e_1504121954501428886490741.jpg', '2015-04-13 00:54:50', '2015-04-13 00:54:50'),
(69, 52, 'e_1504121954501428886490771.jpg', '2015-04-13 00:54:50', '2015-04-13 00:54:50'),
(70, 52, 'e_1504121954501428886490783.jpg', '2015-04-13 00:54:50', '2015-04-13 00:54:50'),
(71, 53, 'e_1504121955011428886501021.jpg', '2015-04-13 00:55:01', '2015-04-13 00:55:01'),
(72, 53, 'e_1504121955011428886501034.jpg', '2015-04-13 00:55:01', '2015-04-13 00:55:01'),
(73, 54, 'e_1504121955011428886501827.jpg', '2015-04-13 00:55:01', '2015-04-13 00:55:01'),
(74, 54, 'e_1504121955011428886501841.jpg', '2015-04-13 00:55:01', '2015-04-13 00:55:01'),
(75, 55, 'e_1504121955021428886502010.jpg', '2015-04-13 00:55:02', '2015-04-13 00:55:02'),
(76, 55, 'e_1504121955021428886502041.jpg', '2015-04-13 00:55:02', '2015-04-13 00:55:02'),
(77, 56, 'e_1504121955021428886502577.jpg', '2015-04-13 00:55:02', '2015-04-13 00:55:02'),
(78, 56, 'e_1504121955021428886502592.jpg', '2015-04-13 00:55:02', '2015-04-13 00:55:02'),
(79, 57, 'e_1504121955031428886503294.jpg', '2015-04-13 00:55:03', '2015-04-13 00:55:03'),
(80, 57, 'e_1504121955031428886503349.jpg', '2015-04-13 00:55:03', '2015-04-13 00:55:03'),
(81, 59, 'e_1504131528081428956888438.jpg', '2015-04-13 20:28:08', '2015-04-13 20:28:08'),
(82, 60, 'e_1504131528141428956894906.jpg', '2015-04-13 20:28:14', '2015-04-13 20:28:14'),
(83, 61, 'e_1504131528151428956895756.jpg', '2015-04-13 20:28:15', '2015-04-13 20:28:15'),
(84, 62, 'e_1504131528151428956895827.jpg', '2015-04-13 20:28:15', '2015-04-13 20:28:15'),
(85, 63, 'e_1504131528151428956895939.jpg', '2015-04-13 20:28:15', '2015-04-13 20:28:15'),
(86, 64, 'e_1504131528161428956896076.jpg', '2015-04-13 20:28:16', '2015-04-13 20:28:16'),
(87, 65, 'e_1504131528161428956896232.jpg', '2015-04-13 20:28:16', '2015-04-13 20:28:16'),
(88, 66, 'e_1504131528161428956896311.jpg', '2015-04-13 20:28:16', '2015-04-13 20:28:16'),
(89, 67, 'e_1504131528161428956896432.jpg', '2015-04-13 20:28:16', '2015-04-13 20:28:16'),
(90, 68, 'e_1504131528161428956896637.jpg', '2015-04-13 20:28:16', '2015-04-13 20:28:16'),
(91, 69, 'e_1504131528181428956898266.jpg', '2015-04-13 20:28:18', '2015-04-13 20:28:18'),
(92, 70, 'e_1504131528271428956907544.jpg', '2015-04-13 20:28:27', '2015-04-13 20:28:27'),
(93, 71, 'e_1504131528281428956908807.jpg', '2015-04-13 20:28:28', '2015-04-13 20:28:28'),
(94, 72, 'e_1504131528291428956909003.jpg', '2015-04-13 20:28:29', '2015-04-13 20:28:29'),
(95, 73, 'e_1504131528291428956909131.jpg', '2015-04-13 20:28:29', '2015-04-13 20:28:29'),
(96, 74, 'e_1504131528391428956919380.jpg', '2015-04-13 20:28:39', '2015-04-13 20:28:39'),
(97, 75, 'e_1504131528421428956922601.jpg', '2015-04-13 20:28:42', '2015-04-13 20:28:42'),
(98, 76, 'e_1504131528421428956922988.jpg', '2015-04-13 20:28:42', '2015-04-13 20:28:42'),
(99, 77, 'e_1504131528431428956923134.jpg', '2015-04-13 20:28:43', '2015-04-13 20:28:43'),
(100, 78, 'e_1504131528431428956923356.jpg', '2015-04-13 20:28:43', '2015-04-13 20:28:43'),
(101, 79, 'e_1504131528431428956923543.jpg', '2015-04-13 20:28:43', '2015-04-13 20:28:43'),
(102, 80, 'e_1504131528431428956923730.jpg', '2015-04-13 20:28:43', '2015-04-13 20:28:43'),
(103, 81, 'e_1504131528431428956923944.jpg', '2015-04-13 20:28:43', '2015-04-13 20:28:43'),
(104, 82, 'e_1504131528441428956924122.jpg', '2015-04-13 20:28:44', '2015-04-13 20:28:44'),
(105, 83, 'e_1504131528441428956924306.jpg', '2015-04-13 20:28:44', '2015-04-13 20:28:44'),
(106, 84, 'e_1504131528441428956924452.jpg', '2015-04-13 20:28:44', '2015-04-13 20:28:44'),
(107, 85, 'e_1504131528491428956929798.jpg', '2015-04-13 20:28:49', '2015-04-13 20:28:49'),
(108, 86, 'e_1504131528511428956931612.jpg', '2015-04-13 20:28:51', '2015-04-13 20:28:51'),
(109, 87, 'e_1504131528521428956932024.jpg', '2015-04-13 20:28:52', '2015-04-13 20:28:52'),
(110, 88, 'e_1504131528521428956932196.jpg', '2015-04-13 20:28:52', '2015-04-13 20:28:52'),
(111, 89, 'e_1504131528521428956932367.jpg', '2015-04-13 20:28:52', '2015-04-13 20:28:52'),
(112, 90, 'e_1504131528521428956932712.jpg', '2015-04-13 20:28:52', '2015-04-13 20:28:52'),
(113, 91, 'e_1504131528521428956932876.jpg', '2015-04-13 20:28:52', '2015-04-13 20:28:52'),
(114, 92, 'e_1504131528531428956933021.jpg', '2015-04-13 20:28:53', '2015-04-13 20:28:53'),
(115, 93, 'e_1504131528531428956933159.jpg', '2015-04-13 20:28:53', '2015-04-13 20:28:53'),
(116, 94, 'e_1504131528531428956933339.jpg', '2015-04-13 20:28:53', '2015-04-13 20:28:53'),
(117, 95, 'e_1504131528531428956933493.jpg', '2015-04-13 20:28:53', '2015-04-13 20:28:53'),
(118, 96, 'e_1504131528531428956933663.jpg', '2015-04-13 20:28:53', '2015-04-13 20:28:53'),
(119, 97, 'e_1504131528541428956934026.jpg', '2015-04-13 20:28:54', '2015-04-13 20:28:54'),
(120, 98, 'e_1504131528541428956934206.jpg', '2015-04-13 20:28:54', '2015-04-13 20:28:54'),
(121, 99, 'e_1504131528541428956934852.jpg', '2015-04-13 20:28:54', '2015-04-13 20:28:54'),
(122, 100, 'e_1504131528551428956935773.jpg', '2015-04-13 20:28:55', '2015-04-13 20:28:55'),
(123, 101, 'e_1504131529041428956944146.jpg', '2015-04-13 20:29:04', '2015-04-13 20:29:04'),
(124, 102, 'e_1504131529041428956944318.jpg', '2015-04-13 20:29:04', '2015-04-13 20:29:04'),
(125, 103, 'e_1504131529041428956944455.jpg', '2015-04-13 20:29:04', '2015-04-13 20:29:04'),
(126, 104, 'e_1504131530361428957036710.jpg', '2015-04-13 20:30:36', '2015-04-13 20:30:36'),
(127, 119, 'e_1504261516331430079393092.jpg', '2015-04-26 20:16:33', '2015-04-26 20:16:33'),
(128, 119, 'e_1504261516331430079393123.jpg', '2015-04-26 20:16:33', '2015-04-26 20:16:33'),
(129, 120, 'e_1505032337541430714274621.jpg', '2015-05-04 04:37:54', '2015-05-04 04:37:54'),
(130, 120, 'e_1505040004001430715840683.jpg', '2015-05-04 05:04:00', '2015-05-04 05:04:00'),
(131, 120, 'e_1505040004371430715877930.jpg', '2015-05-04 05:04:37', '2015-05-04 05:04:37'),
(132, 120, 'e_1505040004371430715877983.jpg', '2015-05-04 05:04:37', '2015-05-04 05:04:37'),
(133, 120, 'e_1505040004371430715877995.jpg', '2015-05-04 05:04:37', '2015-05-04 05:04:37'),
(134, 120, 'e_1505041109321430755772256.jpg', '2015-05-04 16:09:32', '2015-05-04 16:09:32'),
(135, 120, 'e_1505041121101430756470083.jpg', '2015-05-04 16:21:10', '2015-05-04 16:21:10'),
(136, 121, 'e_1505041129181430756958498.jpg', '2015-05-04 16:29:18', '2015-05-04 16:29:18'),
(137, 121, 'e_1505041129181430756958538.jpg', '2015-05-04 16:29:18', '2015-05-04 16:29:18');

-- --------------------------------------------------------

--
-- Estructura de tabla para la tabla `fotos_publicas`
--

CREATE TABLE IF NOT EXISTS `fotos_publicas` (
`idNombrePublico` int(10) unsigned NOT NULL,
  `idPerfil` int(10) unsigned NOT NULL,
  `idAlias` int(10) unsigned NOT NULL,
  `foto` varchar(255) COLLATE utf8_unicode_ci NOT NULL,
  `created_at` timestamp NOT NULL DEFAULT '0000-00-00 00:00:00',
  `updated_at` timestamp NOT NULL DEFAULT '0000-00-00 00:00:00'
) ENGINE=InnoDB  DEFAULT CHARSET=utf8 COLLATE=utf8_unicode_ci AUTO_INCREMENT=12 ;

--
-- Volcado de datos para la tabla `fotos_publicas`
--

INSERT INTO `fotos_publicas` (`idNombrePublico`, `idPerfil`, `idAlias`, `foto`, `created_at`, `updated_at`) VALUES
(4, 5, 30, 'f_1504171937071429317427475.jpg', '2015-04-18 00:37:07', '2015-04-18 00:37:07'),
(5, 5, 30, 'f_1504171937071429317427521.jpg', '2015-04-18 00:37:07', '2015-04-18 00:37:07'),
(6, 5, 30, 'f_1504171937071429317427561.jpg', '2015-04-18 00:37:07', '2015-04-18 00:37:07'),
(7, 5, 30, 'f_1504171937071429317427614.jpg', '2015-04-18 00:37:07', '2015-04-18 00:37:07'),
(8, 5, 30, 'f_1504171937071429317427626.jpg', '2015-04-18 00:37:07', '2015-04-18 00:37:07'),
(9, 1, 2, 'f_1504201305131429553113513.jpg', '2015-04-20 18:05:13', '2015-04-20 18:05:13'),
(10, 1, 2, 'f_1504201305131429553113564.jpg', '2015-04-20 18:05:13', '2015-04-20 18:05:13'),
(11, 1, 2, 'f_1504201305131429553113619.jpg', '2015-04-20 18:05:13', '2015-04-20 18:05:13');

-- --------------------------------------------------------

--
-- Estructura de tabla para la tabla `mascaras`
--

CREATE TABLE IF NOT EXISTS `mascaras` (
`idMascara` int(10) unsigned NOT NULL,
  `nombre` varchar(255) COLLATE utf8_unicode_ci NOT NULL,
  `created_at` timestamp NOT NULL DEFAULT '0000-00-00 00:00:00',
  `updated_at` timestamp NOT NULL DEFAULT '0000-00-00 00:00:00'
) ENGINE=InnoDB  DEFAULT CHARSET=utf8 COLLATE=utf8_unicode_ci AUTO_INCREMENT=16 ;

--
-- Volcado de datos para la tabla `mascaras`
--

INSERT INTO `mascaras` (`idMascara`, `nombre`, `created_at`, `updated_at`) VALUES
(1, 'Ratero', '2015-03-29 02:48:26', '2015-03-29 02:48:26'),
(2, 'Corrupto', '2015-03-29 02:48:26', '2015-03-29 02:48:26'),
(3, 'Infiel', '2015-03-29 02:48:26', '2015-03-29 02:48:26'),
(4, 'Filantropo', '2015-03-29 02:48:26', '2015-03-29 02:48:26'),
(5, 'Ladron', '0000-00-00 00:00:00', '0000-00-00 00:00:00'),
(6, 'Altruista', '0000-00-00 00:00:00', '0000-00-00 00:00:00'),
(7, 'Amigo Leal', '0000-00-00 00:00:00', '0000-00-00 00:00:00'),
(8, 'Socio Fiel', '0000-00-00 00:00:00', '0000-00-00 00:00:00'),
(9, 'Abuso de Celebridad', '0000-00-00 00:00:00', '0000-00-00 00:00:00'),
(10, 'Violador', '0000-00-00 00:00:00', '0000-00-00 00:00:00'),
(11, 'Jefe Injusto', '0000-00-00 00:00:00', '0000-00-00 00:00:00'),
(12, 'Acoso Escolar', '0000-00-00 00:00:00', '0000-00-00 00:00:00'),
(13, 'Corrupcion', '0000-00-00 00:00:00', '0000-00-00 00:00:00'),
(15, 'Ninfomania', '0000-00-00 00:00:00', '0000-00-00 00:00:00');

-- --------------------------------------------------------

--
-- Estructura de tabla para la tabla `mascaras_perfiles`
--

CREATE TABLE IF NOT EXISTS `mascaras_perfiles` (
`idMascaraPerfil` int(10) unsigned NOT NULL,
  `idPerfil` int(10) unsigned NOT NULL,
  `idMascara` int(10) unsigned NOT NULL,
  `created_at` timestamp NOT NULL DEFAULT '0000-00-00 00:00:00',
  `updated_at` timestamp NOT NULL DEFAULT '0000-00-00 00:00:00'
) ENGINE=InnoDB  DEFAULT CHARSET=utf8 COLLATE=utf8_unicode_ci AUTO_INCREMENT=2 ;

--
-- Volcado de datos para la tabla `mascaras_perfiles`
--

INSERT INTO `mascaras_perfiles` (`idMascaraPerfil`, `idPerfil`, `idMascara`, `created_at`, `updated_at`) VALUES
(1, 1, 1, '2015-03-29 02:48:26', '2015-03-29 02:48:26');

-- --------------------------------------------------------

--
-- Estructura de tabla para la tabla `mascaras_publicas`
--

CREATE TABLE IF NOT EXISTS `mascaras_publicas` (
`idMascaraPublica` int(10) unsigned NOT NULL,
  `idPerfil` int(10) unsigned NOT NULL,
  `idAlias` int(10) unsigned NOT NULL,
  `nombre` varchar(255) COLLATE utf8_unicode_ci NOT NULL,
  `created_at` timestamp NOT NULL DEFAULT '0000-00-00 00:00:00',
  `updated_at` timestamp NOT NULL DEFAULT '0000-00-00 00:00:00'
) ENGINE=InnoDB  DEFAULT CHARSET=utf8 COLLATE=utf8_unicode_ci AUTO_INCREMENT=30 ;

--
-- Volcado de datos para la tabla `mascaras_publicas`
--

INSERT INTO `mascaras_publicas` (`idMascaraPublica`, `idPerfil`, `idAlias`, `nombre`, `created_at`, `updated_at`) VALUES
(1, 12, 2, 'Rata', '2015-04-07 23:55:36', '2015-04-07 23:55:36'),
(2, 11, 2, 'Amigo Leal', '2015-04-08 00:04:50', '2015-04-08 00:04:50'),
(3, 11, 2, 'Filantropo', '2015-04-08 00:05:04', '2015-04-08 00:05:04'),
(4, 11, 2, 'Loco', '2015-04-08 00:10:00', '2015-04-08 00:10:00'),
(5, 5, 2, 'Ladron', '2015-04-08 00:11:39', '2015-04-08 00:11:39'),
(6, 5, 2, 'Violador', '2015-04-08 00:11:54', '2015-04-08 00:11:54'),
(7, 11, 2, 'cool', '2015-04-08 00:33:37', '2015-04-08 00:33:37'),
(8, 12, 26, 'asesino', '2015-04-08 15:28:56', '2015-04-08 15:28:56'),
(9, 2, 2, 'Ladron', '2015-04-09 19:49:09', '2015-04-09 19:49:09'),
(10, 13, 2, 'Ratero', '2015-04-10 19:15:55', '2015-04-10 19:15:55'),
(11, 13, 2, 'Corrupto', '2015-04-11 03:22:39', '2015-04-11 03:22:39'),
(12, 13, 2, 'Altruista', '2015-04-11 03:26:58', '2015-04-11 03:26:58'),
(13, 5, 2, 'Ratero', '2015-04-11 03:30:49', '2015-04-11 03:30:49'),
(14, 10, 2, 'Rata', '2015-04-11 23:44:35', '2015-04-11 23:44:35'),
(17, 11, 2, 'Ninfomania', '2015-04-12 17:34:19', '2015-04-12 17:34:19'),
(18, 11, 2, 'Infiel', '2015-04-12 17:34:48', '2015-04-12 17:34:48'),
(19, 11, 2, 'Abuso de Celebridad', '2015-04-12 17:35:14', '2015-04-12 17:35:14'),
(20, 14, 2, 'Ninfomania', '2015-04-12 17:47:54', '2015-04-12 17:47:54'),
(21, 15, 2, 'ddd', '2015-04-17 18:45:18', '2015-04-17 18:45:18'),
(22, 17, 2, 'ddd', '2015-04-17 18:46:00', '2015-04-17 18:46:00'),
(27, 18, 2, 'mask1', '2015-04-17 19:29:58', '2015-04-17 19:29:58'),
(28, 19, 2, '', '2015-04-17 22:28:37', '2015-04-17 22:28:37'),
(29, 20, 2, '', '2015-04-24 02:41:17', '2015-04-24 02:41:17');

-- --------------------------------------------------------

--
-- Estructura de tabla para la tabla `medias`
--

CREATE TABLE IF NOT EXISTS `medias` (
`idMedia` int(10) unsigned NOT NULL,
  `idPerfil` int(10) unsigned NOT NULL,
  `foto` varchar(255) COLLATE utf8_unicode_ci NOT NULL,
  `link` varchar(255) COLLATE utf8_unicode_ci NOT NULL,
  `tipo` int(11) NOT NULL,
  `created_at` timestamp NOT NULL DEFAULT '0000-00-00 00:00:00',
  `updated_at` timestamp NOT NULL DEFAULT '0000-00-00 00:00:00'
) ENGINE=InnoDB  DEFAULT CHARSET=utf8 COLLATE=utf8_unicode_ci AUTO_INCREMENT=32 ;

--
-- Volcado de datos para la tabla `medias`
--

INSERT INTO `medias` (`idMedia`, `idPerfil`, `foto`, `link`, `tipo`, `created_at`, `updated_at`) VALUES
(1, 1, '', '5_OA7D0JGS4', 1, '2015-03-29 02:48:26', '2015-03-29 02:48:26'),
(2, 2, 'e_1503290003421427587422422.jpg', '', 2, '2015-03-29 06:03:42', '2015-03-29 06:03:42'),
(3, 2, 'e_1503290003421427587422491.jpg', '', 2, '2015-03-29 06:03:42', '2015-03-29 06:03:42'),
(4, 2, 'e_1503290003421427587422563.jpg', '', 2, '2015-03-29 06:03:42', '2015-03-29 06:03:42'),
(5, 2, 'e_1503290003421427587422575.jpg', '', 2, '2015-03-29 06:03:42', '2015-03-29 06:03:42'),
(6, 2, 'f_1503290003421427587422591.jpg', '', 3, '2015-03-29 06:03:42', '2015-03-29 06:03:42'),
(7, 2, 'f_1503290003421427587422603.jpg', '', 3, '2015-03-29 06:03:42', '2015-03-29 06:03:42'),
(8, 2, 'f_1503290003421427587422617.jpg', '', 3, '2015-03-29 06:03:42', '2015-03-29 06:03:42'),
(9, 2, 'f_1503290003421427587422637.jpg', '', 3, '2015-03-29 06:03:42', '2015-03-29 06:03:42'),
(10, 2, 'f_1503290003421427587422651.jpg', '', 3, '2015-03-29 06:03:42', '2015-03-29 06:03:42'),
(11, 2, '', 'UJap8x-xj-4', 1, '2015-03-29 06:03:42', '2015-03-29 06:03:42'),
(12, 4, 'f_1504020337151427945835699.jpg', '', 3, '2015-04-02 09:37:15', '2015-04-02 09:37:15'),
(13, 4, 'f_1504020337151427945835751.jpg', '', 3, '2015-04-02 09:37:15', '2015-04-02 09:37:15'),
(14, 4, 'f_1504020337151427945835764.jpg', '', 3, '2015-04-02 09:37:15', '2015-04-02 09:37:15'),
(15, 5, 'f_1504021635451427992545939.jpg', '', 3, '2015-04-02 22:35:45', '2015-04-02 22:35:45'),
(16, 5, 'f_1504021635451427992545996.jpg', '', 3, '2015-04-02 22:35:45', '2015-04-02 22:35:45'),
(17, 5, 'f_1504021635461427992546009.jpg', '', 3, '2015-04-02 22:35:46', '2015-04-02 22:35:46'),
(18, 5, 'f_1504021635461427992546029.jpg', '', 3, '2015-04-02 22:35:46', '2015-04-02 22:35:46'),
(19, 6, 'f_1504021908191428001699352.jpg', '', 3, '2015-04-03 01:08:19', '2015-04-03 01:08:19'),
(20, 6, 'f_1504021908191428001699413.jpg', '', 3, '2015-04-03 01:08:19', '2015-04-03 01:08:19'),
(21, 6, 'f_1504021908191428001699428.jpg', '', 3, '2015-04-03 01:08:19', '2015-04-03 01:08:19'),
(22, 6, 'f_1504021908191428001699447.jpg', '', 3, '2015-04-03 01:08:19', '2015-04-03 01:08:19'),
(23, 7, 'f_1504021935041428003304768.jpg', '', 3, '2015-04-03 01:35:04', '2015-04-03 01:35:04'),
(24, 7, 'f_1504021935041428003304816.jpg', '', 3, '2015-04-03 01:35:04', '2015-04-03 01:35:04'),
(25, 7, 'f_1504021935041428003304843.jpg', '', 3, '2015-04-03 01:35:04', '2015-04-03 01:35:04'),
(26, 7, 'f_1504021935041428003304894.jpg', '', 3, '2015-04-03 01:35:04', '2015-04-03 01:35:04'),
(27, 7, 'f_1504021935041428003304952.jpg', '', 3, '2015-04-03 01:35:04', '2015-04-03 01:35:04'),
(28, 8, 'f_1504041949241428198564325.jpg', '', 3, '2015-04-05 01:49:24', '2015-04-05 01:49:24'),
(29, 8, 'f_1504041949241428198564403.jpg', '', 3, '2015-04-05 01:49:24', '2015-04-05 01:49:24'),
(30, 8, 'f_1504041949241428198564441.jpg', '', 3, '2015-04-05 01:49:24', '2015-04-05 01:49:24'),
(31, 8, 'f_1504041949241428198564529.jpg', '', 3, '2015-04-05 01:49:24', '2015-04-05 01:49:24');

-- --------------------------------------------------------

--
-- Estructura de tabla para la tabla `migrations`
--

CREATE TABLE IF NOT EXISTS `migrations` (
  `migration` varchar(255) COLLATE utf8_unicode_ci NOT NULL,
  `batch` int(11) NOT NULL
) ENGINE=InnoDB DEFAULT CHARSET=utf8 COLLATE=utf8_unicode_ci;

--
-- Volcado de datos para la tabla `migrations`
--

INSERT INTO `migrations` (`migration`, `batch`) VALUES
('2015_01_19_183540_create_paises_table', 1),
('2015_01_19_183644_create_ubicaciones_table', 1),
('2015_01_19_184935_create_alias_table', 1),
('2015_01_19_185504_create_perfiles_table', 1),
('2015_01_19_185958_create_ranks_table', 1),
('2015_01_19_190332_create_comentarios_table', 1),
('2015_01_19_190533_create_mascaras_table', 1),
('2015_01_19_190640_create_medias_table', 1),
('2015_01_21_165913_create_mascaras_perfiles_table', 1),
('2015_03_09_181158_create_relaciones_table', 1),
('2015_03_18_230650_create_posts_table', 1),
('2015_03_19_153914_create_fotos_posts_table', 1),
('2015_03_19_163703_create_ranks_posts_table', 1),
('2015_03_24_015149_create_estados_table', 1),
('2015_03_26_225907_create_comentariosPosts_table', 1),
('2015_03_28_193532_create_comentarios_fotos_table', 1),
('2015_03_28_193709_create_ranks_fotos_table', 1),
('2015_03_31_012022_create_comentarios_medias_table', 2),
('2015_04_01_021301_create_ranks_medias_table', 2),
('2015_04_01_022924_create_confiables_table', 2),
('2015_04_01_202351_create_subcomentarios_table', 3),
('2015_04_01_223358_create_subcomentarios_fotos_table', 3),
('2015_04_02_180115_create_comentarios_subfotos_table', 4),
('2015_04_02_180303_create_ranks_subfotos_table', 4),
('2015_04_02_184436_create_ranks_subcomentarios_table', 4),
('2015_04_07_163545_create_mascaras_publicas_table', 5),
('2015_04_07_163721_create_redes_publicas_table', 5),
('2015_04_09_125444_create_perfiles_publicos_table', 6),
('2015_04_11_143128_create_ranks_perfiles_tables', 7),
('2015_04_13_144106_add_link_posts_table', 8),
('2015_04_13_145110_add_link_subcomentarios_table', 8),
('2015_04_17_132010_update_perfiles_add_apellidos', 9),
('2015_04_17_133211_create_apodos_publicos_table', 10),
('2015_04_17_134321_create_perfiles_foto_table', 11),
('2015_04_17_164533_create_nombres_publicos_apellidos', 12),
('2015_04_17_192111_create_fotos_publicos_table', 13),
('2015_04_26_234836_create_amores_table', 14);

-- --------------------------------------------------------

--
-- Estructura de tabla para la tabla `nombres_publicos`
--

CREATE TABLE IF NOT EXISTS `nombres_publicos` (
`idNombrePublico` int(10) unsigned NOT NULL,
  `idPerfil` int(10) unsigned NOT NULL,
  `idAlias` int(10) unsigned NOT NULL,
  `nombre` varchar(255) COLLATE utf8_unicode_ci NOT NULL,
  `created_at` timestamp NOT NULL DEFAULT '0000-00-00 00:00:00',
  `updated_at` timestamp NOT NULL DEFAULT '0000-00-00 00:00:00'
) ENGINE=InnoDB  DEFAULT CHARSET=utf8 COLLATE=utf8_unicode_ci AUTO_INCREMENT=4 ;

--
-- Volcado de datos para la tabla `nombres_publicos`
--

INSERT INTO `nombres_publicos` (`idNombrePublico`, `idPerfil`, `idAlias`, `nombre`, `created_at`, `updated_at`) VALUES
(1, 1, 2, 'asdf', '2015-04-17 21:51:28', '2015-04-17 21:51:28'),
(2, 18, 2, 'asdf', '2015-04-17 21:53:00', '2015-04-17 21:53:00'),
(3, 14, 30, 'Otro nombre', '2015-04-17 23:40:28', '2015-04-17 23:40:28');

-- --------------------------------------------------------

--
-- Estructura de tabla para la tabla `odio_amor`
--

CREATE TABLE IF NOT EXISTS `odio_amor` (
  `idVoto` int(10) NOT NULL,
  `idPerfil` int(10) NOT NULL,
  `idAlias` int(11) NOT NULL,
  `odio` int(11) NOT NULL,
  `amor` int(11) NOT NULL,
  `created_at` date NOT NULL,
  `updated_at` date NOT NULL
) ENGINE=InnoDB DEFAULT CHARSET=latin1;

-- --------------------------------------------------------

--
-- Estructura de tabla para la tabla `paises`
--

CREATE TABLE IF NOT EXISTS `paises` (
`idPais` int(10) unsigned NOT NULL,
  `nombre` varchar(255) COLLATE utf8_unicode_ci NOT NULL,
  `created_at` timestamp NOT NULL DEFAULT '0000-00-00 00:00:00',
  `updated_at` timestamp NOT NULL DEFAULT '0000-00-00 00:00:00'
) ENGINE=InnoDB  DEFAULT CHARSET=utf8 COLLATE=utf8_unicode_ci AUTO_INCREMENT=23 ;

--
-- Volcado de datos para la tabla `paises`
--

INSERT INTO `paises` (`idPais`, `nombre`, `created_at`, `updated_at`) VALUES
(22, 'Mexico', '2015-04-13 20:17:36', '2015-04-13 20:17:36');

-- --------------------------------------------------------

--
-- Estructura de tabla para la tabla `perfiles`
--

CREATE TABLE IF NOT EXISTS `perfiles` (
`idPerfil` int(10) unsigned NOT NULL,
  `idAlias` int(10) unsigned NOT NULL,
  `nombre` varchar(255) COLLATE utf8_unicode_ci NOT NULL,
  `mascaras` varchar(255) COLLATE utf8_unicode_ci NOT NULL,
  `confesion` varchar(1000) COLLATE utf8_unicode_ci NOT NULL,
  `facebook` varchar(255) COLLATE utf8_unicode_ci NOT NULL,
  `twitter` varchar(255) COLLATE utf8_unicode_ci NOT NULL,
  `instagram` varchar(255) COLLATE utf8_unicode_ci NOT NULL,
  `secret` varchar(255) COLLATE utf8_unicode_ci NOT NULL,
  `secret_pub` varchar(255) COLLATE utf8_unicode_ci NOT NULL,
  `foto` varchar(500) COLLATE utf8_unicode_ci DEFAULT NULL,
  `pais` varchar(255) COLLATE utf8_unicode_ci NOT NULL,
  `estado` varchar(255) COLLATE utf8_unicode_ci NOT NULL,
  `municipio` varchar(255) COLLATE utf8_unicode_ci NOT NULL,
  `ciudad` varchar(255) COLLATE utf8_unicode_ci NOT NULL,
  `colonia` varchar(255) COLLATE utf8_unicode_ci NOT NULL,
  `created_at` timestamp NOT NULL DEFAULT '0000-00-00 00:00:00',
  `updated_at` timestamp NOT NULL DEFAULT '0000-00-00 00:00:00',
  `apaterno` varchar(255) COLLATE utf8_unicode_ci DEFAULT NULL,
  `amaterno` varchar(255) COLLATE utf8_unicode_ci DEFAULT NULL
) ENGINE=InnoDB  DEFAULT CHARSET=utf8 COLLATE=utf8_unicode_ci AUTO_INCREMENT=21 ;

--
-- Volcado de datos para la tabla `perfiles`
--

INSERT INTO `perfiles` (`idPerfil`, `idAlias`, `nombre`, `mascaras`, `confesion`, `facebook`, `twitter`, `instagram`, `secret`, `secret_pub`, `foto`, `pais`, `estado`, `municipio`, `ciudad`, `colonia`, `created_at`, `updated_at`, `apaterno`, `amaterno`) VALUES
(1, 1, 'Jaxo', 'ratero', 'Me bannearon en el LOL por decir la verdad...', 'https://facebook.com/eljaxo', 'https://twitter.com/eljaxo', 'https://instagram.com/eljaxo', 'El jaxo paxo', 'asd', 'jaxo.jpg', 'Mexico', 'DF', 'Papantla', 'Neza', '', '2015-03-29 02:48:26', '2015-04-18 19:50:50', 'paxo', 'laxo'),
(2, 2, 'Felipe Ferra Gomez (FERRAS)', 'lADRON', 'ESTA PERLKSJDLKSADJLKDJSDLKSJDLKSJDLKJLDKJSLKDJKKJ ESEKJ POET A EJWKJ KJEK KJWEK KJE KJEW KJE KJW KJE', '', '', '', 'ROBA A LA GENTE POBRE PARA DARLE A LOS RICOS', 'fdsfdsdfffdf', 'p_1503290000061427587206807.jpg', 'Mexico', 'DF', 'Durango', 'Dgo', 'Zapata', '2015-03-29 06:00:06', '2015-04-26 20:16:32', NULL, NULL),
(3, 3, 'dfgdsfgsdfg', '', '', '', '', '', '', 'tyui', 'p_1504020232001427941920086.jpg', '', '', '', '', '', '2015-04-02 08:32:00', '2015-04-02 02:33:58', NULL, NULL),
(4, 4, 'Meducita Friend', 'Altruista', '', 'https://www.facebook.com/', 'https://twitter.com/', 'https://instagram.com/', 'Meducita Friend', 'Animalito bonito!', 'p_1504020328431427945323228.jpg', 'Mexico', 'Durango', 'Durango', 'Dgo', 'Zapata', '2015-04-02 09:28:43', '2015-04-02 03:38:06', NULL, NULL),
(5, 2, 'Nuevo Perfil', 'Altruista', '', 'https://www.facebook.com/', 'https://twitter.com/', 'https://instagram.com/', 'Nuevo Perfil', 'deddedeeded', 'p_1504021634531427992493863.jpg', 'Mexico', 'Durango', 'Durango', 'Dgo', 'Zapata', '2015-04-02 22:34:53', '2015-04-14 02:11:37', NULL, NULL),
(6, 2, 'Fulano de tal', 'Ladron, Infiel', '', 'https://www.facebook.com/', 'https://twitter.com/', 'https://instagram.com/', 'Fulano de tal', 'nueva', 'p_1504021907161428001636596.jpg', 'Mexico', 'Durango', 'Durango', 'Dgo', 'Zapata', '2015-04-03 01:07:16', '2015-04-05 05:44:14', NULL, NULL),
(7, 2, 'Enrique Peña Nieto', 'Corrupto', '', 'https://www.facebook.com/', 'https://twitter.com/', 'https://instagram.com/', 'Enrique Peña Nieto', 'post desde safari', 'p_1504021934111428003251770.jpg', 'Mexico', 'Durango', 'Durango', 'Dgo', 'Zapata', '2015-04-03 01:34:11', '2015-04-03 04:59:52', NULL, NULL),
(8, 2, 'prueba', 'Ladron', '', 'https://www.facebook.com/', 'https://twitter.com/', 'https://instagram.com/', 'prueba', 'sdasadddsa', 'p_1504041948501428198530733.jpg', 'Mexico', 'Estado de Mexico', 'Celaya', 'Neza', 'Chalco', '2015-04-05 01:48:50', '2015-04-05 06:23:13', NULL, NULL),
(9, 2, 'Prueba 2', 'Ladron', '', 'https://www.facebook.com/', 'https://twitter.com/', 'https://instagram.com/', 'Prueba 2', 'HOLA', 'p_1504050005551428213955643.jpg', 'Mexico', 'Durango', 'Durango', 'Dgo', 'Zapata', '2015-04-05 06:05:55', '2015-04-05 06:56:07', NULL, NULL),
(10, 8, 'PAnfilo', 'Ladron', '', 'https://www.facebook.com/', 'https://twitter.com/', 'https://instagram.com/', 'PAnfilo', 'sec', 'p_1504051804471428275087540.jpg', 'Mexico', 'Durango', 'Durango', 'Dgo', 'Zapata', '2015-04-05 23:04:47', '2015-05-04 16:29:18', NULL, NULL),
(11, 20, 'Fulano de tal', 'Infiel', '', '', '', '', 'Fulano de tal', 'SECRET', 'p_1504061356221428346583000.jpg', 'Mexico', 'Zacatecas', 'D', 'd', 'd', '2015-04-06 18:56:23', '2015-04-10 17:17:50', NULL, NULL),
(12, 19, 'carca rantdo', '', '', '', '', '', 'carca rantdo', 'carca rantdo', 'p_1504061806101428361570064.jpg', 'Mexico', 'estado de mexico', 'netzahualcoyotl', 'mexico', 'bosques de aragon', '2015-04-06 23:06:10', '2015-04-06 23:06:10', NULL, NULL),
(13, 2, 'asdf', 'Ratero', '', 'asd', 'asd', 'asd', '', 'ksdjskjdkjslkdjk', 'p_1504101415541428693354783.jpg', 'Mexico', 'Durango', 'Durango', 'Dgo', 'asdf', '2015-04-10 19:15:54', '2015-04-12 19:44:05', NULL, NULL),
(14, 2, 'Persona de prueba', 'Ninfomania', '', '', '', '', '', 'gfdgdfgdfgdf', 'p_1504121247541428860874568.jpg', 'Mexico', 'Durango', 'Durango', 'Durango', 'Zapata', '2015-04-12 17:47:54', '2015-04-13 20:41:38', NULL, NULL),
(15, 2, 'aaaaaaaaaaaaaaaaaaa', 'ddd', '', 'asd', 'asd', 'asd', '', '', NULL, 'asd', 'asd', 'asd', 'asd', 'asd', '2015-04-17 18:45:18', '2015-04-17 18:45:18', 'asd', 'asd'),
(16, 2, 'aaaaaaaaaaaaaaaaaaa', 'ddd', '', 'asd', 'asd', 'asd', '', '', NULL, 'asd', 'asd', 'asd', 'asd', 'asd', '2015-04-17 18:45:37', '2015-04-17 18:45:37', 'asd', 'asd'),
(17, 2, 'aaaaaaaaaaaaaaaaaaa', 'ddd', '', 'asd', 'asd', 'asd', '', '', NULL, 'asd', 'asd', 'asd', 'asd', 'asd', '2015-04-17 18:46:00', '2015-04-17 18:46:00', 'asd', 'asd'),
(18, 2, 'aaaaaaaaaaaaaaaaaaa', 'mask1', '', 'asd', 'asd', 'asd', '', '', 'p_1504171429181429298958984.jpg', 'asd', 'asd', 'asd', 'asd', 'asd', '2015-04-17 18:46:37', '2015-04-17 18:46:37', 'asd', 'asd'),
(19, 2, 'dffgfggf', '', '', '', '', '', '', '', NULL, '', '', '', '', '', '2015-04-17 22:28:37', '2015-04-17 22:28:37', 'gfgfgfgfgf', 'gfgfgf'),
(20, 2, 'dsdssd', '', '', '', '', '', '', '', NULL, 'Mexico', 'DF', 'd', 'ds', 'sd', '2015-04-24 02:41:17', '2015-04-24 02:41:17', 'dssddsds', 'dsdssd');

-- --------------------------------------------------------

--
-- Estructura de tabla para la tabla `perfiles_publicos`
--

CREATE TABLE IF NOT EXISTS `perfiles_publicos` (
`idPerfilPublico` int(10) unsigned NOT NULL,
  `idPerfilBase` int(10) unsigned NOT NULL,
  `idAlias` int(10) unsigned NOT NULL,
  `idPerfilRelacion` int(10) unsigned NOT NULL,
  `created_at` timestamp NOT NULL DEFAULT '0000-00-00 00:00:00',
  `updated_at` timestamp NOT NULL DEFAULT '0000-00-00 00:00:00'
) ENGINE=InnoDB  DEFAULT CHARSET=utf8 COLLATE=utf8_unicode_ci AUTO_INCREMENT=12 ;

--
-- Volcado de datos para la tabla `perfiles_publicos`
--

INSERT INTO `perfiles_publicos` (`idPerfilPublico`, `idPerfilBase`, `idAlias`, `idPerfilRelacion`, `created_at`, `updated_at`) VALUES
(8, 12, 2, 1, '2015-04-27 15:16:54', '2015-04-27 15:16:54'),
(9, 1, 2, 12, '2015-04-27 15:16:54', '2015-04-27 15:16:54'),
(10, 14, 2, 1, '2015-04-27 15:19:53', '2015-04-27 15:19:53'),
(11, 1, 2, 14, '2015-04-27 15:19:53', '2015-04-27 15:19:53');

-- --------------------------------------------------------

--
-- Estructura de tabla para la tabla `posts`
--

CREATE TABLE IF NOT EXISTS `posts` (
`idPost` int(10) unsigned NOT NULL,
  `idAlias` int(10) unsigned NOT NULL,
  `idPerfil` int(10) unsigned NOT NULL,
  `secret` varchar(70) COLLATE utf8_unicode_ci NOT NULL,
  `confesion` varchar(2550) COLLATE utf8_unicode_ci NOT NULL,
  `foto` varchar(255) COLLATE utf8_unicode_ci NOT NULL,
  `link` varchar(255) COLLATE utf8_unicode_ci NOT NULL,
  `tipo` int(11) NOT NULL,
  `created_at` timestamp NOT NULL DEFAULT '0000-00-00 00:00:00',
  `updated_at` timestamp NOT NULL DEFAULT '0000-00-00 00:00:00',
  `link_evi` varchar(255) COLLATE utf8_unicode_ci DEFAULT NULL
) ENGINE=InnoDB  DEFAULT CHARSET=utf8 COLLATE=utf8_unicode_ci AUTO_INCREMENT=122 ;

--
-- Volcado de datos para la tabla `posts`
--

INSERT INTO `posts` (`idPost`, `idAlias`, `idPerfil`, `secret`, `confesion`, `foto`, `link`, `tipo`, `created_at`, `updated_at`, `link_evi`) VALUES
(1, 2, 1, '', '', '', '', 4, '2015-03-29 04:39:27', '2015-03-29 04:39:27', NULL),
(2, 2, 1, 'sdadsasaddsa', 'wddsadsdsa', '', '', 4, '2015-03-29 04:39:37', '2015-03-29 04:39:37', NULL),
(3, 2, 1, 'sdadsasaddsa', 'wddsadsdsa', '', '', 4, '2015-03-29 04:39:38', '2015-03-29 04:39:38', NULL),
(4, 2, 1, 'sdadsasaddsa', 'wddsadsdsa', '', '', 4, '2015-03-29 04:39:38', '2015-03-29 04:39:38', NULL),
(5, 2, 1, 'sdadsasaddsa', 'wddsadsdsa', '', '', 4, '2015-03-29 04:39:38', '2015-03-29 04:39:38', NULL),
(6, 2, 1, 'sdadsasaddsa', 'wddsadsdsa', '', '', 4, '2015-03-29 04:39:39', '2015-03-29 04:39:39', NULL),
(7, 2, 1, 'sdadsasaddsa', 'wddsadsdsa', '', '', 4, '2015-03-29 04:39:40', '2015-03-29 04:39:40', NULL),
(8, 2, 1, 'sdadsasaddsa', 'wddsadsdsa', '', '', 4, '2015-03-29 04:39:40', '2015-03-29 04:39:40', NULL),
(9, 2, 1, 'sdadsasaddsa', 'wddsadsdsa', '', '', 4, '2015-03-29 04:39:40', '2015-03-29 04:39:40', NULL),
(10, 2, 1, 'sdadsasaddsa', 'wddsadsdsa', '', '', 4, '2015-03-29 04:39:41', '2015-03-29 04:39:41', NULL),
(11, 2, 1, 'sdadsasaddsa', 'wddsadsdsa', '', '', 4, '2015-03-29 04:39:41', '2015-03-29 04:39:41', NULL),
(12, 2, 1, 'sdadsasaddsa', 'wddsadsdsa', '', '', 4, '2015-03-29 04:39:41', '2015-03-29 04:39:41', NULL),
(13, 2, 1, 'sdadsasaddsa', 'wddsadsdsa', '', '', 4, '2015-03-29 04:39:42', '2015-03-29 04:39:42', NULL),
(14, 2, 1, 'ewqeqweqweqwe', 'ewqeqwe', '', '', 4, '2015-03-29 04:55:40', '2015-03-29 04:55:40', NULL),
(15, 2, 2, 'fsdfdsfdfdfsd', 'weweeqqweweerfdsfdfsd', '', 'https://www.youtube.com/watch?v=UJap8x-xj-4', 4, '2015-03-29 06:08:48', '2015-03-29 06:08:48', NULL),
(16, 3, 2, 'este es el nuevo Secret', 'assaddwqerwqwqreeqfdsda', '', 'https://www.youtube.com/watch?v=_o1OJuM0L3c', 4, '2015-04-02 08:18:26', '2015-04-02 08:18:26', NULL),
(17, 3, 1, 'Secret 2', 'sadasdasdasdasdasdsddasdas', '', '', 4, '2015-04-02 08:28:38', '2015-04-02 08:28:38', NULL),
(18, 3, 3, 'tyui', 'tyui', '', '', 4, '2015-04-02 08:33:58', '2015-04-02 08:33:58', NULL),
(19, 4, 4, 'Animal en peligro de extinsión', 'Es un animal muy bello que habita en las profundidades del oceano, realmente admiro a este animal', '', 'https://www.youtube.com/watch?v=yrmOlZAxR_Q', 4, '2015-04-02 09:30:06', '2015-04-02 09:30:06', NULL),
(20, 4, 4, 'Animalito bonito!', 'Que bonita', '', '', 4, '2015-04-02 09:38:06', '2015-04-02 09:38:06', NULL),
(21, 2, 5, 'EL MEJOR MEDICO DE TODOS LOS TIEMPOS AYUDA A LOS MAS NECESITADOS', 'Es el mejor amigo que puede alguien tener, además es médico y atiende a las personas de escasos recursos, lo considero una gran persona por ser tan altruista', '', 'https://www.youtube.com/watch?v=mPurPy_yZfc', 4, '2015-04-02 22:38:28', '2015-04-02 22:38:28', NULL),
(22, 2, 6, 'LADRON ROBA A SUS FAMILIARES PARA COMPRAR DROGA', 'Es bien rupa por que se llevo todo el dinero de sus papas', '', 'https://www.youtube.com/watch?v=5MgQGb4DSqs', 4, '2015-04-03 01:10:23', '2015-04-03 01:10:23', NULL),
(23, 2, 7, 'SOY EL PRESIDENTE MAS TONTO DEL MUNDO MUNDIAL', 'Llego al poder a base de abusos de autoridad, es una persona sin cultura, no sabe hablar Ingles y es presidente!', '', 'https://www.youtube.com/watch?v=_mldwz5U9IA', 4, '2015-04-03 01:37:18', '2015-04-03 01:37:18', NULL),
(24, 2, 7, 'lkjlkjdsflkjfdlkdfjflkjsdlkjfsd', 'weewewewdffdsfsdfsdf', '', '', 4, '2015-04-03 10:51:58', '2015-04-03 10:51:58', NULL),
(25, 2, 6, 'fdffdfdfdffdfd', 'sddfffdfdfd', '', '', 4, '2015-04-03 10:54:27', '2015-04-03 10:54:27', NULL),
(26, 2, 7, 'otro post', 'otro post de ahorita', '', '', 4, '2015-04-03 10:55:25', '2015-04-03 10:55:25', NULL),
(27, 2, 7, 'post de firefox', 'post desde fire fox', '', '', 4, '2015-04-03 10:56:01', '2015-04-03 10:56:01', NULL),
(28, 2, 7, 'post desde safari', 'post desde safari', '', '', 4, '2015-04-03 10:59:52', '2015-04-03 10:59:52', NULL),
(29, 2, 6, 'ddfffhhfhhhjh', 'dsfgfgfdgfg', '', 'https://www.youtube.com/watch?v=g-fjHST6d5Q', 4, '2015-04-04 23:35:09', '2015-04-04 23:35:09', NULL),
(30, 2, 8, 'PRIMER POST ', 'Primer Confesion desde arriba', '', 'https://www.youtube.com/watch?v=LJ6f27L54H4', 4, '2015-04-05 01:50:14', '2015-04-05 01:50:14', NULL),
(31, 2, 6, 'nueva', 'dsfdffgfgfg', '', 'https://www.youtube.com/watch?v=Kwg3IW_Zyj4', 4, '2015-04-05 05:44:14', '2015-04-05 05:44:14', NULL),
(32, 2, 9, 'ESTOY CANSADO', 'Confieso que he estado trabajandoi 24 horas sin parar', '', 'https://www.youtube.com/watch?v=Kwg3IW_Zyj4', 4, '2015-04-05 06:11:28', '2015-04-05 06:11:28', NULL),
(33, 2, 8, 'fdfdfdfdfd', 'dfsfdfds', '', '', 4, '2015-04-05 06:22:47', '2015-04-05 06:22:47', NULL),
(34, 2, 8, 'sdasadddsa', 'dasdsadsad', '', '', 4, '2015-04-05 06:23:13', '2015-04-05 06:23:13', NULL),
(35, 2, 9, 'hhjjhjkjgkjkjjk', 'dsadvbgfghfg', '', '', 4, '2015-04-05 06:23:36', '2015-04-05 06:23:36', NULL),
(36, 2, 9, 'HOLA', 'dsdsdsdsd', '', 'https://youtu.be/Kwg3IW_Zyj4', 4, '2015-04-05 06:56:07', '2015-04-05 06:56:07', NULL),
(37, 2, 2, 'fghhj', 'fffdfdfddf', '', 'EHfx9LXzxpw', 4, '2015-04-05 06:58:35', '2015-04-05 06:58:35', NULL),
(38, 8, 2, 'Nuevo SECRET', 'Nueva confesion de este perfil', '', 'https://www.youtube.com/watch?v=KLVJWWU49KQ', 4, '2015-04-06 00:05:44', '2015-04-06 00:05:44', NULL),
(39, 2, 2, 'HOLA SECRET', 'Hello esta es nueva confesión', '', 'https://www.youtube.com/watch?v=3YSDNjFPXIs', 4, '2015-04-06 00:10:53', '2015-04-06 00:10:53', NULL),
(40, 2, 2, 'HOLA SECRET', 'Hello esta es nueva confesión', '', 'https://www.youtube.com/watch?v=3YSDNjFPXIs', 4, '2015-04-06 00:10:54', '2015-04-06 00:10:54', NULL),
(41, 2, 2, 'HOLA SECRET', 'Hello esta es nueva confesión', '', 'https://www.youtube.com/watch?v=3YSDNjFPXIs', 4, '2015-04-06 00:10:56', '2015-04-06 00:10:56', NULL),
(42, 2, 2, 'HOLA SECRET', 'Hello esta es nueva confesión', '', 'https://www.youtube.com/watch?v=3YSDNjFPXIs', 4, '2015-04-06 00:10:56', '2015-04-06 00:10:56', NULL),
(43, 2, 2, 'HOLA SECRET', 'Hello esta es nueva confesión', '', 'https://www.youtube.com/watch?v=3YSDNjFPXIs', 4, '2015-04-06 00:10:58', '2015-04-06 00:10:58', NULL),
(44, 2, 2, 'HOLA SECRET', 'Hello esta es nueva confesión', '', 'https://www.youtube.com/watch?v=3YSDNjFPXIs', 4, '2015-04-06 00:10:58', '2015-04-06 00:10:58', NULL),
(45, 8, 2, 'dddddddddddddddddddd', 'dddddddddddddddddddddd', '', '', 4, '2015-04-06 00:46:27', '2015-04-06 00:46:27', NULL),
(46, 2, 2, 'DDDDDEEEEE', 'jejejejeje', '', '', 4, '2015-04-06 01:05:37', '2015-04-06 01:05:37', NULL),
(47, 2, 11, 'SECRET', 'JDJEJEJE', '', '', 4, '2015-04-10 17:17:50', '2015-04-10 17:17:50', NULL),
(48, 2, 13, 'algo', 'a', '', '', 4, '2015-04-10 19:17:08', '2015-04-10 19:17:08', NULL),
(49, 2, 5, 'Soy bien rupa', 'Soy malote', '', '', 4, '2015-04-11 03:31:16', '2015-04-11 03:31:16', NULL),
(50, 2, 14, 'Ninfomano de profesión', 'mjekjekjekekee', '', '', 4, '2015-04-12 17:48:37', '2015-04-12 17:48:37', NULL),
(51, 2, 13, 'ksdjskjdkjslkdjk', 'jewkmwe.,em.,wme.,mw', '', 'https://www.youtube.com/watch?v=V5ZwuluhC1U', 4, '2015-04-12 19:44:05', '2015-04-12 19:44:05', NULL),
(52, 2, 14, 'Nuevo secret prueba', 'Esta es la confesión del perro chistoso', '', 'https://www.youtube.com/watch?v=Tuf_KjkL3jc', 4, '2015-04-13 00:54:50', '2015-04-13 00:54:50', NULL),
(53, 2, 14, 'Nuevo secret prueba', 'Esta es la confesión del perro chistoso', '', 'https://www.youtube.com/watch?v=Tuf_KjkL3jc', 4, '2015-04-13 00:55:00', '2015-04-13 00:55:00', NULL),
(54, 2, 14, 'Nuevo secret prueba', 'Esta es la confesión del perro chistoso', '', 'https://www.youtube.com/watch?v=Tuf_KjkL3jc', 4, '2015-04-13 00:55:01', '2015-04-13 00:55:01', NULL),
(55, 2, 14, 'Nuevo secret prueba', 'Esta es la confesión del perro chistoso', '', 'https://www.youtube.com/watch?v=Tuf_KjkL3jc', 4, '2015-04-13 00:55:01', '2015-04-13 00:55:01', NULL),
(56, 2, 14, 'Nuevo secret prueba', 'Esta es la confesión del perro chistoso', '', 'https://www.youtube.com/watch?v=Tuf_KjkL3jc', 4, '2015-04-13 00:55:02', '2015-04-13 00:55:02', NULL),
(57, 2, 14, 'Nuevo secret prueba', 'Esta es la confesión del perro chistoso', '', 'https://www.youtube.com/watch?v=Tuf_KjkL3jc', 4, '2015-04-13 00:55:03', '2015-04-13 00:55:03', NULL),
(58, 2, 14, 'rewrreererre', 'nueva confesion', '', '', 4, '2015-04-13 20:19:48', '2015-04-13 20:19:48', 'http://www.cosansc.com/article02.html'),
(59, 2, 14, 'Nuevo post con link', 'dsffdssdfsfdfsdfsdfsdsfdsfd', '', '', 4, '2015-04-13 20:28:08', '2015-04-13 20:28:08', 'http://aristeguinoticias.com/1304/entrevistas/drogas-deben-legalizarse-estupidas-algunas-decisiones-de-gobiernosgaleano-en-cnn/'),
(60, 2, 14, 'Nuevo post con link', 'dsffdssdfsfdfsdfsdfsdsfdsfd', '', '', 4, '2015-04-13 20:28:14', '2015-04-13 20:28:14', 'http://aristeguinoticias.com/1304/entrevistas/drogas-deben-legalizarse-estupidas-algunas-decisiones-de-gobiernosgaleano-en-cnn/'),
(61, 2, 14, 'Nuevo post con link', 'dsffdssdfsfdfsdfsdfsdsfdsfd', '', '', 4, '2015-04-13 20:28:15', '2015-04-13 20:28:15', 'http://aristeguinoticias.com/1304/entrevistas/drogas-deben-legalizarse-estupidas-algunas-decisiones-de-gobiernosgaleano-en-cnn/'),
(62, 2, 14, 'Nuevo post con link', 'dsffdssdfsfdfsdfsdfsdsfdsfd', '', '', 4, '2015-04-13 20:28:15', '2015-04-13 20:28:15', 'http://aristeguinoticias.com/1304/entrevistas/drogas-deben-legalizarse-estupidas-algunas-decisiones-de-gobiernosgaleano-en-cnn/'),
(63, 2, 14, 'Nuevo post con link', 'dsffdssdfsfdfsdfsdfsdsfdsfd', '', '', 4, '2015-04-13 20:28:15', '2015-04-13 20:28:15', 'http://aristeguinoticias.com/1304/entrevistas/drogas-deben-legalizarse-estupidas-algunas-decisiones-de-gobiernosgaleano-en-cnn/'),
(64, 2, 14, 'Nuevo post con link', 'dsffdssdfsfdfsdfsdfsdsfdsfd', '', '', 4, '2015-04-13 20:28:16', '2015-04-13 20:28:16', 'http://aristeguinoticias.com/1304/entrevistas/drogas-deben-legalizarse-estupidas-algunas-decisiones-de-gobiernosgaleano-en-cnn/'),
(65, 2, 14, 'Nuevo post con link', 'dsffdssdfsfdfsdfsdfsdsfdsfd', '', '', 4, '2015-04-13 20:28:16', '2015-04-13 20:28:16', 'http://aristeguinoticias.com/1304/entrevistas/drogas-deben-legalizarse-estupidas-algunas-decisiones-de-gobiernosgaleano-en-cnn/'),
(66, 2, 14, 'Nuevo post con link', 'dsffdssdfsfdfsdfsdfsdsfdsfd', '', '', 4, '2015-04-13 20:28:16', '2015-04-13 20:28:16', 'http://aristeguinoticias.com/1304/entrevistas/drogas-deben-legalizarse-estupidas-algunas-decisiones-de-gobiernosgaleano-en-cnn/'),
(67, 2, 14, 'Nuevo post con link', 'dsffdssdfsfdfsdfsdfsdsfdsfd', '', '', 4, '2015-04-13 20:28:16', '2015-04-13 20:28:16', 'http://aristeguinoticias.com/1304/entrevistas/drogas-deben-legalizarse-estupidas-algunas-decisiones-de-gobiernosgaleano-en-cnn/'),
(68, 2, 14, 'Nuevo post con link', 'dsffdssdfsfdfsdfsdfsdsfdsfd', '', '', 4, '2015-04-13 20:28:16', '2015-04-13 20:28:16', 'http://aristeguinoticias.com/1304/entrevistas/drogas-deben-legalizarse-estupidas-algunas-decisiones-de-gobiernosgaleano-en-cnn/'),
(69, 2, 14, 'Nuevo post con link', 'dsffdssdfsfdfsdfsdfsdsfdsfd', '', '', 4, '2015-04-13 20:28:18', '2015-04-13 20:28:18', 'http://aristeguinoticias.com/1304/entrevistas/drogas-deben-legalizarse-estupidas-algunas-decisiones-de-gobiernosgaleano-en-cnn/'),
(70, 2, 14, 'Nuevo post con link', 'dsffdssdfsfdfsdfsdfsdsfdsfd', '', '', 4, '2015-04-13 20:28:27', '2015-04-13 20:28:27', 'sdsdsd'),
(71, 2, 14, 'Nuevo post con link', 'dsffdssdfsfdfsdfsdfsdsfdsfd', '', '', 4, '2015-04-13 20:28:28', '2015-04-13 20:28:28', 'sdsdsd'),
(72, 2, 14, 'Nuevo post con link', 'dsffdssdfsfdfsdfsdfsdsfdsfd', '', '', 4, '2015-04-13 20:28:28', '2015-04-13 20:28:28', 'sdsdsd'),
(73, 2, 14, 'Nuevo post con link', 'dsffdssdfsfdfsdfsdfsdsfdsfd', '', '', 4, '2015-04-13 20:28:29', '2015-04-13 20:28:29', 'sdsdsd'),
(74, 2, 14, 'Nuevo post con link', 'dsffdssdfsfdfsdfsdfsdsfdsfd', '', '', 4, '2015-04-13 20:28:39', '2015-04-13 20:28:39', 'http://www.cosansc.com/article02.html'),
(75, 2, 14, 'Nuevo post con link', 'dsffdssdfsfdfsdfsdfsdsfdsfd', '', '', 4, '2015-04-13 20:28:42', '2015-04-13 20:28:42', 'http://www.cosansc.com/article02.html'),
(76, 2, 14, 'Nuevo post con link', 'dsffdssdfsfdfsdfsdfsdsfdsfd', '', '', 4, '2015-04-13 20:28:42', '2015-04-13 20:28:42', 'http://www.cosansc.com/article02.html'),
(77, 2, 14, 'Nuevo post con link', 'dsffdssdfsfdfsdfsdfsdsfdsfd', '', '', 4, '2015-04-13 20:28:43', '2015-04-13 20:28:43', 'http://www.cosansc.com/article02.html'),
(78, 2, 14, 'Nuevo post con link', 'dsffdssdfsfdfsdfsdfsdsfdsfd', '', '', 4, '2015-04-13 20:28:43', '2015-04-13 20:28:43', 'http://www.cosansc.com/article02.html'),
(79, 2, 14, 'Nuevo post con link', 'dsffdssdfsfdfsdfsdfsdsfdsfd', '', '', 4, '2015-04-13 20:28:43', '2015-04-13 20:28:43', 'http://www.cosansc.com/article02.html'),
(80, 2, 14, 'Nuevo post con link', 'dsffdssdfsfdfsdfsdfsdsfdsfd', '', '', 4, '2015-04-13 20:28:43', '2015-04-13 20:28:43', 'http://www.cosansc.com/article02.html'),
(81, 2, 14, 'Nuevo post con link', 'dsffdssdfsfdfsdfsdfsdsfdsfd', '', '', 4, '2015-04-13 20:28:43', '2015-04-13 20:28:43', 'http://www.cosansc.com/article02.html'),
(82, 2, 14, 'Nuevo post con link', 'dsffdssdfsfdfsdfsdfsdsfdsfd', '', '', 4, '2015-04-13 20:28:44', '2015-04-13 20:28:44', 'http://www.cosansc.com/article02.html'),
(83, 2, 14, 'Nuevo post con link', 'dsffdssdfsfdfsdfsdfsdsfdsfd', '', '', 4, '2015-04-13 20:28:44', '2015-04-13 20:28:44', 'http://www.cosansc.com/article02.html'),
(84, 2, 14, 'Nuevo post con link', 'dsffdssdfsfdfsdfsdfsdsfdsfd', '', '', 4, '2015-04-13 20:28:44', '2015-04-13 20:28:44', 'http://www.cosansc.com/article02.html'),
(85, 2, 14, 'Nuevo post con link', 'dsffdssdfsfdfsdfsdfsdsfdsfd', '', '', 4, '2015-04-13 20:28:49', '2015-04-13 20:28:49', 'http://www.cosansc.com/article02.html'),
(86, 2, 14, 'Nuevo post con link', 'dsffdssdfsfdfsdfsdfsdsfdsfd', '', '', 4, '2015-04-13 20:28:51', '2015-04-13 20:28:51', 'http://www.cosansc.com/article02.html'),
(87, 2, 14, 'Nuevo post con link', 'dsffdssdfsfdfsdfsdfsdsfdsfd', '', '', 4, '2015-04-13 20:28:52', '2015-04-13 20:28:52', 'http://www.cosansc.com/article02.html'),
(88, 2, 14, 'Nuevo post con link', 'dsffdssdfsfdfsdfsdfsdsfdsfd', '', '', 4, '2015-04-13 20:28:52', '2015-04-13 20:28:52', 'http://www.cosansc.com/article02.html'),
(89, 2, 14, 'Nuevo post con link', 'dsffdssdfsfdfsdfsdfsdsfdsfd', '', '', 4, '2015-04-13 20:28:52', '2015-04-13 20:28:52', 'http://www.cosansc.com/article02.html'),
(90, 2, 14, 'Nuevo post con link', 'dsffdssdfsfdfsdfsdfsdsfdsfd', '', '', 4, '2015-04-13 20:28:52', '2015-04-13 20:28:52', 'http://www.cosansc.com/article02.html'),
(91, 2, 14, 'Nuevo post con link', 'dsffdssdfsfdfsdfsdfsdsfdsfd', '', '', 4, '2015-04-13 20:28:52', '2015-04-13 20:28:52', 'http://www.cosansc.com/article02.html'),
(92, 2, 14, 'Nuevo post con link', 'dsffdssdfsfdfsdfsdfsdsfdsfd', '', '', 4, '2015-04-13 20:28:52', '2015-04-13 20:28:52', 'http://www.cosansc.com/article02.html'),
(93, 2, 14, 'Nuevo post con link', 'dsffdssdfsfdfsdfsdfsdsfdsfd', '', '', 4, '2015-04-13 20:28:53', '2015-04-13 20:28:53', 'http://www.cosansc.com/article02.html'),
(94, 2, 14, 'Nuevo post con link', 'dsffdssdfsfdfsdfsdfsdsfdsfd', '', '', 4, '2015-04-13 20:28:53', '2015-04-13 20:28:53', 'http://www.cosansc.com/article02.html'),
(95, 2, 14, 'Nuevo post con link', 'dsffdssdfsfdfsdfsdfsdsfdsfd', '', '', 4, '2015-04-13 20:28:53', '2015-04-13 20:28:53', 'http://www.cosansc.com/article02.html'),
(96, 2, 14, 'Nuevo post con link', 'dsffdssdfsfdfsdfsdfsdsfdsfd', '', '', 4, '2015-04-13 20:28:53', '2015-04-13 20:28:53', 'http://www.cosansc.com/article02.html'),
(97, 2, 14, 'Nuevo post con link', 'dsffdssdfsfdfsdfsdfsdsfdsfd', '', '', 4, '2015-04-13 20:28:54', '2015-04-13 20:28:54', 'http://www.cosansc.com/article02.html'),
(98, 2, 14, 'Nuevo post con link', 'dsffdssdfsfdfsdfsdfsdsfdsfd', '', '', 4, '2015-04-13 20:28:54', '2015-04-13 20:28:54', 'http://www.cosansc.com/article02.html'),
(99, 2, 14, 'Nuevo post con link', 'dsffdssdfsfdfsdfsdfsdsfdsfd', '', '', 4, '2015-04-13 20:28:54', '2015-04-13 20:28:54', 'http://www.cosansc.com/article02.html'),
(100, 2, 14, 'Nuevo post con link', 'dsffdssdfsfdfsdfsdfsdsfdsfd', '', '', 4, '2015-04-13 20:28:55', '2015-04-13 20:28:55', 'http://www.cosansc.com/article02.html'),
(101, 2, 14, 'Nuevo post con link', 'dsffdssdfsfdfsdfsdfsdsfdsfd', '', '', 4, '2015-04-13 20:29:04', '2015-04-13 20:29:04', 'http://www.cosansc.com/article02.html'),
(102, 2, 14, 'Nuevo post con link', 'dsffdssdfsfdfsdfsdfsdsfdsfd', '', '', 4, '2015-04-13 20:29:04', '2015-04-13 20:29:04', 'http://www.cosansc.com/article02.html'),
(103, 2, 14, 'Nuevo post con link', 'dsffdssdfsfdfsdfsdfsdsfdsfd', '', '', 4, '2015-04-13 20:29:04', '2015-04-13 20:29:04', 'http://www.cosansc.com/article02.html'),
(104, 2, 14, 'Nuevo post con link', 'dsffdssdfsfdfsdfsdfsdsfdsfd', '', '', 4, '2015-04-13 20:30:36', '2015-04-13 20:30:36', 'http://www.cosansc.com/article02.html'),
(105, 2, 14, 'AA', 'aaaaaaaaaaaaaaaaaa', '', '', 4, '2015-04-13 20:32:55', '2015-04-13 20:32:55', 'http://www.cosansc.com/article02.html'),
(106, 2, 14, 'Link', 'confesion prueba', '', '', 4, '2015-04-13 20:33:35', '2015-04-13 20:33:35', 'http://www.cosansc.com/article02.html'),
(107, 2, 14, 'jklñ', 'okaokasdoksdodkss', '', '', 4, '2015-04-13 20:34:53', '2015-04-13 20:34:53', 'http://www.cosansc.com/article02.html'),
(108, 2, 14, 'ffdfdffddf', 'sddssdds', '', '', 4, '2015-04-13 20:35:43', '2015-04-13 20:35:43', 'http://www.cosansc.com/article02.html'),
(109, 2, 14, 'gfdgdfgdfgdf', 'Confesion x', '', '', 4, '2015-04-13 20:41:38', '2015-04-13 20:41:38', 'algo'),
(110, 2, 5, 'deddedeeded', 'ddedeededed', '', '', 4, '2015-04-14 02:11:37', '2015-04-14 02:11:37', 'https://bay174.mail.live.com/default.aspx'),
(111, 26, 1, 'dfgfdg dfgfdg', 'cdsfds sdf sdf sdf', '', '', 4, '2015-04-14 02:13:27', '2015-04-14 02:13:27', 'http://www.hoyestado.com/tag/francisco-xavier-reyes-ares/'),
(112, 26, 1, 'sdfsdfsd sdfsdfsdf sdf', 'csdfdsf gfdhfdh dfsd', '', '', 4, '2015-04-14 20:14:04', '2015-04-14 20:14:04', 'http://pelis24.com/pelicula-latino/14794-ben-hur-1959-online.html'),
(113, 2, 1, 'asd', 'asd', '', 'https://www.youtube.com/watch?v=7mxOtsEQokQ', 4, '2015-04-18 19:50:50', '2015-04-18 19:50:50', ''),
(114, 2, 2, 'sdfg', 'sdfg', '', 'Array', 4, '2015-04-18 20:01:24', '2015-04-18 20:01:24', ''),
(115, 2, 2, 'asd', 'asd', '', 'Array', 4, '2015-04-18 20:01:46', '2015-04-18 20:01:46', ''),
(116, 2, 2, 'asd', 'asd', '', 'Array', 4, '2015-04-18 20:02:26', '2015-04-18 20:02:26', ''),
(117, 2, 2, 'asd', 'asd', '', 'https://www.youtube.com/watch?', 4, '2015-04-18 20:02:59', '2015-04-18 20:02:59', ''),
(118, 2, 2, 'sss', 'a', '', 'oNqJlc35n_8', 4, '2015-04-18 20:03:37', '2015-04-18 20:03:37', ''),
(119, 2, 2, 'fdsfdsdfffdf', 'fdsfdsdfsdfsfdfsdfsdsfdsfdsdfsdfsfdsfdsdfsfd', '', 'TbGu4mxZDY8', 4, '2015-04-26 20:16:33', '2015-04-26 20:16:33', 'https://www.youtube.com/watch?v=TbGu4mxZDY8'),
(120, 2, 10, 'a', 'a', '', '', 4, '2015-05-04 04:37:54', '2015-05-04 04:37:54', ''),
(121, 2, 10, 'sec', 'fdssdffdssfdsfdsfdfsd', '', '0ty-C_et5SA', 4, '2015-05-04 16:29:18', '2015-05-04 16:29:18', '');

-- --------------------------------------------------------

--
-- Estructura de tabla para la tabla `ranks`
--

CREATE TABLE IF NOT EXISTS `ranks` (
`idRank` int(10) unsigned NOT NULL,
  `idPerfil` int(10) unsigned NOT NULL,
  `idAlias` int(10) unsigned NOT NULL,
  `corazon` int(11) NOT NULL,
  `estrella` int(11) NOT NULL,
  `blike` int(11) NOT NULL,
  `carita` int(11) NOT NULL,
  `cake` int(11) NOT NULL,
  `caca` int(11) NOT NULL,
  `craneo` int(11) NOT NULL,
  `bug` int(11) NOT NULL,
  `gota` int(11) NOT NULL,
  `enojo` int(11) NOT NULL,
  `created_at` timestamp NOT NULL DEFAULT '0000-00-00 00:00:00',
  `updated_at` timestamp NOT NULL DEFAULT '0000-00-00 00:00:00'
) ENGINE=InnoDB  DEFAULT CHARSET=utf8 COLLATE=utf8_unicode_ci AUTO_INCREMENT=4 ;

--
-- Volcado de datos para la tabla `ranks`
--

INSERT INTO `ranks` (`idRank`, `idPerfil`, `idAlias`, `corazon`, `estrella`, `blike`, `carita`, `cake`, `caca`, `craneo`, `bug`, `gota`, `enojo`, `created_at`, `updated_at`) VALUES
(1, 1, 1, 0, 0, 0, 0, 0, 1, 0, 0, 0, 0, '2015-03-29 02:48:26', '2015-03-29 02:48:26'),
(2, 1, 1, 1, 0, 0, 0, 0, 0, 0, 0, 0, 0, '2015-03-29 02:48:26', '2015-03-29 02:48:26'),
(3, 2, 2, 0, 0, 0, 0, 1, 0, 0, 0, 0, 0, '2015-04-02 05:24:12', '2015-04-02 05:24:12');

-- --------------------------------------------------------

--
-- Estructura de tabla para la tabla `ranks_fotos`
--

CREATE TABLE IF NOT EXISTS `ranks_fotos` (
`idRank` int(10) unsigned NOT NULL,
  `idFotoPost` int(10) unsigned NOT NULL,
  `idAlias` int(10) unsigned NOT NULL,
  `corazon` int(11) NOT NULL,
  `estrella` int(11) NOT NULL,
  `blike` int(11) NOT NULL,
  `carita` int(11) NOT NULL,
  `cake` int(11) NOT NULL,
  `caca` int(11) NOT NULL,
  `craneo` int(11) NOT NULL,
  `bug` int(11) NOT NULL,
  `gota` int(11) NOT NULL,
  `enojo` int(11) NOT NULL,
  `created_at` timestamp NOT NULL DEFAULT '0000-00-00 00:00:00',
  `updated_at` timestamp NOT NULL DEFAULT '0000-00-00 00:00:00'
) ENGINE=InnoDB  DEFAULT CHARSET=utf8 COLLATE=utf8_unicode_ci AUTO_INCREMENT=14 ;

--
-- Volcado de datos para la tabla `ranks_fotos`
--

INSERT INTO `ranks_fotos` (`idRank`, `idFotoPost`, `idAlias`, `corazon`, `estrella`, `blike`, `carita`, `cake`, `caca`, `craneo`, `bug`, `gota`, `enojo`, `created_at`, `updated_at`) VALUES
(1, 21, 2, 5, 0, 0, 0, 0, 0, 0, 0, 0, 0, '2015-04-02 05:57:28', '2015-04-02 05:57:28'),
(2, 30, 4, 0, 0, 0, 0, 1, 0, 0, 0, 0, 0, '2015-04-02 09:44:11', '2015-04-02 09:44:11'),
(3, 31, 4, 5, 0, 0, 0, 0, 0, 0, 0, 0, 0, '2015-04-02 10:23:53', '2015-04-02 10:23:53'),
(4, 31, 2, 5, 0, 0, 0, 0, 0, 0, 0, 0, 0, '2015-04-02 22:07:57', '2015-04-02 22:07:57'),
(5, 36, 2, 5, 0, 0, 0, 0, 0, 0, 0, 0, 0, '2015-04-02 22:43:04', '2015-04-02 22:43:04'),
(6, 41, 2, 0, 0, 0, 0, 1, 0, 0, 0, 0, 0, '2015-04-03 01:44:13', '2015-04-03 01:44:13'),
(7, 38, 2, 5, 0, 0, 0, 0, 0, 0, 0, 0, 0, '2015-04-04 06:49:57', '2015-04-04 06:49:57'),
(8, 40, 2, 5, 0, 0, 0, 0, 0, 0, 0, 0, 0, '2015-04-04 23:32:35', '2015-04-04 23:32:35'),
(9, 55, 2, 5, 0, 0, 0, 0, 0, 0, 0, 0, 0, '2015-04-05 06:12:56', '2015-04-05 06:12:56'),
(10, 56, 2, 0, 0, 0, 0, 1, 0, 0, 0, 0, 0, '2015-04-05 06:13:04', '2015-04-05 06:13:04'),
(11, 57, 2, 0, 0, 0, 2, 0, 0, 0, 0, 0, 0, '2015-04-05 06:13:13', '2015-04-05 06:13:13'),
(12, 33, 2, 5, 0, 0, 0, 0, 0, 0, 0, 0, 0, '2015-04-11 03:32:22', '2015-04-11 03:32:22'),
(13, 34, 2, 5, 0, 0, 0, 0, 0, 0, 0, 0, 0, '2015-04-11 03:32:28', '2015-04-11 03:32:28');

-- --------------------------------------------------------

--
-- Estructura de tabla para la tabla `ranks_medias`
--

CREATE TABLE IF NOT EXISTS `ranks_medias` (
`idRankMedia` int(10) unsigned NOT NULL,
  `idMedia` int(10) unsigned NOT NULL,
  `idAlias` int(10) unsigned NOT NULL,
  `corazon` int(11) NOT NULL,
  `estrella` int(11) NOT NULL,
  `blike` int(11) NOT NULL,
  `carita` int(11) NOT NULL,
  `cake` int(11) NOT NULL,
  `caca` int(11) NOT NULL,
  `craneo` int(11) NOT NULL,
  `bug` int(11) NOT NULL,
  `gota` int(11) NOT NULL,
  `enojo` int(11) NOT NULL,
  `created_at` timestamp NOT NULL DEFAULT '0000-00-00 00:00:00',
  `updated_at` timestamp NOT NULL DEFAULT '0000-00-00 00:00:00'
) ENGINE=InnoDB DEFAULT CHARSET=utf8 COLLATE=utf8_unicode_ci AUTO_INCREMENT=1 ;

-- --------------------------------------------------------

--
-- Estructura de tabla para la tabla `ranks_perfiles`
--

CREATE TABLE IF NOT EXISTS `ranks_perfiles` (
`idRankPerfil` int(10) unsigned NOT NULL,
  `idPerfil` int(10) unsigned NOT NULL,
  `idAlias` int(10) unsigned NOT NULL,
  `corazon` int(11) NOT NULL,
  `estrella` int(11) NOT NULL,
  `blike` int(11) NOT NULL,
  `carita` int(11) NOT NULL,
  `cake` int(11) NOT NULL,
  `caca` int(11) NOT NULL,
  `craneo` int(11) NOT NULL,
  `bug` int(11) NOT NULL,
  `gota` int(11) NOT NULL,
  `enojo` int(11) NOT NULL,
  `created_at` timestamp NOT NULL DEFAULT '0000-00-00 00:00:00',
  `updated_at` timestamp NOT NULL DEFAULT '0000-00-00 00:00:00'
) ENGINE=InnoDB  DEFAULT CHARSET=utf8 COLLATE=utf8_unicode_ci AUTO_INCREMENT=12 ;

--
-- Volcado de datos para la tabla `ranks_perfiles`
--

INSERT INTO `ranks_perfiles` (`idRankPerfil`, `idPerfil`, `idAlias`, `corazon`, `estrella`, `blike`, `carita`, `cake`, `caca`, `craneo`, `bug`, `gota`, `enojo`, `created_at`, `updated_at`) VALUES
(1, 11, 2, 0, 4, 0, 0, 0, 0, 0, 0, 0, 0, '2015-04-11 20:27:33', '2015-04-11 20:27:33'),
(2, 11, 29, 5, 0, 0, 0, 0, 0, 0, 0, 0, 0, '2015-04-11 20:41:17', '2015-04-11 20:41:17'),
(3, 7, 26, 0, 0, 0, 0, 0, 5, 0, 0, 0, 0, '2015-04-12 00:01:29', '2015-04-12 00:01:29'),
(4, 5, 28, 5, 0, 0, 0, 0, 0, 0, 0, 0, 0, '2015-04-12 00:44:27', '2015-04-12 00:44:27'),
(5, 2, 26, 0, 0, 0, 0, 0, 5, 0, 0, 0, 0, '2015-04-12 00:52:23', '2015-04-12 00:52:23'),
(6, 12, 26, 0, 0, 3, 0, 0, 0, 0, 0, 0, 0, '2015-04-12 00:54:42', '2015-04-12 00:54:42'),
(7, 11, 26, 0, 0, 0, 0, 0, 0, 4, 0, 0, 0, '2015-04-12 00:55:45', '2015-04-12 00:55:45'),
(8, 14, 2, 5, 0, 0, 0, 0, 0, 0, 0, 0, 0, '2015-04-12 17:48:16', '2015-04-12 17:48:16'),
(9, 14, 26, 0, 0, 0, 0, 0, 0, 0, 0, 2, 0, '2015-04-12 18:24:17', '2015-04-12 18:24:17'),
(10, 10, 2, 0, 0, 0, 0, 0, 5, 0, 0, 0, 0, '2015-04-14 20:25:45', '2015-04-14 20:25:45'),
(11, 13, 2, 0, 0, 0, 0, 1, 0, 0, 0, 0, 0, '2015-04-14 20:26:01', '2015-04-14 20:26:01');

-- --------------------------------------------------------

--
-- Estructura de tabla para la tabla `ranks_posts`
--

CREATE TABLE IF NOT EXISTS `ranks_posts` (
`idRank` int(10) unsigned NOT NULL,
  `idPost` int(10) unsigned NOT NULL,
  `idAlias` int(10) unsigned NOT NULL,
  `corazon` int(11) NOT NULL,
  `estrella` int(11) NOT NULL,
  `blike` int(11) NOT NULL,
  `carita` int(11) NOT NULL,
  `cake` int(11) NOT NULL,
  `caca` int(11) NOT NULL,
  `craneo` int(11) NOT NULL,
  `bug` int(11) NOT NULL,
  `gota` int(11) NOT NULL,
  `enojo` int(11) NOT NULL,
  `tipo` int(11) NOT NULL,
  `created_at` timestamp NOT NULL DEFAULT '0000-00-00 00:00:00',
  `updated_at` timestamp NOT NULL DEFAULT '0000-00-00 00:00:00'
) ENGINE=InnoDB  DEFAULT CHARSET=utf8 COLLATE=utf8_unicode_ci AUTO_INCREMENT=20 ;

--
-- Volcado de datos para la tabla `ranks_posts`
--

INSERT INTO `ranks_posts` (`idRank`, `idPost`, `idAlias`, `corazon`, `estrella`, `blike`, `carita`, `cake`, `caca`, `craneo`, `bug`, `gota`, `enojo`, `tipo`, `created_at`, `updated_at`) VALUES
(1, 7, 2, 5, 0, 0, 0, 0, 0, 0, 0, 0, 0, 2, '2015-03-29 04:43:58', '2015-03-29 04:43:58'),
(2, 14, 2, 5, 0, 0, 0, 0, 0, 0, 0, 0, 0, 2, '2015-03-29 05:11:56', '2015-03-29 05:11:56'),
(3, 15, 2, 0, 0, 0, 0, 1, 0, 0, 0, 0, 0, 1, '2015-04-02 05:24:23', '2015-04-02 05:24:23'),
(4, 15, 2, 5, 0, 0, 0, 0, 0, 0, 0, 0, 0, 2, '2015-04-02 05:54:53', '2015-04-02 05:54:53'),
(5, 18, 3, 5, 0, 0, 0, 0, 0, 0, 0, 0, 0, 1, '2015-04-02 08:34:04', '2015-04-02 08:34:04'),
(6, 19, 4, 5, 0, 0, 0, 0, 0, 0, 0, 0, 0, 1, '2015-04-02 09:30:15', '2015-04-02 09:30:15'),
(7, 19, 4, 5, 0, 0, 0, 0, 0, 0, 0, 0, 0, 2, '2015-04-02 09:30:53', '2015-04-02 09:30:53'),
(8, 22, 2, 5, 0, 0, 0, 0, 0, 0, 0, 0, 0, 1, '2015-04-03 01:11:33', '2015-04-03 01:11:33'),
(9, 23, 2, 5, 0, 0, 0, 0, 0, 0, 0, 0, 0, 1, '2015-04-03 01:38:00', '2015-04-03 01:38:00'),
(10, 23, 2, 0, 0, 0, 0, 0, 5, 0, 0, 0, 0, 2, '2015-04-03 01:40:28', '2015-04-03 01:40:28'),
(11, 23, 5, 0, 0, 0, 0, 0, 5, 0, 0, 0, 0, 1, '2015-04-03 10:45:42', '2015-04-03 10:45:42'),
(12, 29, 2, 5, 0, 0, 0, 0, 0, 0, 0, 0, 0, 1, '2015-04-04 20:11:36', '2015-04-04 20:11:36'),
(13, 32, 2, 5, 0, 0, 0, 0, 0, 0, 0, 0, 0, 2, '2015-04-05 06:11:58', '2015-04-05 06:11:58'),
(14, 32, 2, 0, 0, 0, 0, 0, 5, 0, 0, 0, 0, 1, '2015-04-05 06:12:03', '2015-04-05 06:12:03'),
(15, 34, 2, 5, 0, 0, 0, 0, 0, 0, 0, 0, 0, 2, '2015-04-05 21:21:30', '2015-04-05 21:21:30'),
(16, 34, 2, 5, 0, 0, 0, 0, 0, 0, 0, 0, 0, 1, '2015-04-05 21:21:36', '2015-04-05 21:21:36'),
(17, 49, 2, 5, 0, 0, 0, 0, 0, 0, 0, 0, 0, 1, '2015-04-11 03:31:42', '2015-04-11 03:31:42'),
(18, 50, 2, 5, 0, 0, 0, 0, 0, 0, 0, 0, 0, 1, '2015-04-12 17:48:48', '2015-04-12 17:48:48'),
(19, 14, 26, 5, 0, 0, 0, 0, 0, 0, 0, 0, 0, 1, '2015-04-12 19:39:25', '2015-04-12 19:39:25');

-- --------------------------------------------------------

--
-- Estructura de tabla para la tabla `ranks_subcomentarios`
--

CREATE TABLE IF NOT EXISTS `ranks_subcomentarios` (
`idRankSubcomentario` int(10) unsigned NOT NULL,
  `idSubcomentario` int(10) unsigned NOT NULL,
  `idAlias` int(10) unsigned NOT NULL,
  `corazon` int(11) NOT NULL,
  `estrella` int(11) NOT NULL,
  `blike` int(11) NOT NULL,
  `carita` int(11) NOT NULL,
  `cake` int(11) NOT NULL,
  `caca` int(11) NOT NULL,
  `craneo` int(11) NOT NULL,
  `bug` int(11) NOT NULL,
  `gota` int(11) NOT NULL,
  `enojo` int(11) NOT NULL,
  `tipo` int(11) NOT NULL,
  `created_at` timestamp NOT NULL DEFAULT '0000-00-00 00:00:00',
  `updated_at` timestamp NOT NULL DEFAULT '0000-00-00 00:00:00'
) ENGINE=InnoDB  DEFAULT CHARSET=utf8 COLLATE=utf8_unicode_ci AUTO_INCREMENT=4 ;

--
-- Volcado de datos para la tabla `ranks_subcomentarios`
--

INSERT INTO `ranks_subcomentarios` (`idRankSubcomentario`, `idSubcomentario`, `idAlias`, `corazon`, `estrella`, `blike`, `carita`, `cake`, `caca`, `craneo`, `bug`, `gota`, `enojo`, `tipo`, `created_at`, `updated_at`) VALUES
(1, 8, 2, 0, 0, 3, 0, 0, 0, 0, 0, 0, 0, 1, '2015-04-03 02:15:23', '2015-04-03 02:15:23'),
(2, 8, 2, 0, 4, 0, 0, 0, 0, 0, 0, 0, 0, 2, '2015-04-03 02:15:29', '2015-04-03 02:15:29'),
(3, 12, 2, 0, 0, 0, 2, 0, 0, 0, 0, 0, 0, 1, '2015-04-05 20:32:38', '2015-04-05 20:32:38');

-- --------------------------------------------------------

--
-- Estructura de tabla para la tabla `ranks_subfotos`
--

CREATE TABLE IF NOT EXISTS `ranks_subfotos` (
`idRankSubfoto` int(10) unsigned NOT NULL,
  `idSubcomentarioFoto` int(10) unsigned NOT NULL,
  `idAlias` int(10) unsigned NOT NULL,
  `corazon` int(11) NOT NULL,
  `estrella` int(11) NOT NULL,
  `blike` int(11) NOT NULL,
  `carita` int(11) NOT NULL,
  `cake` int(11) NOT NULL,
  `caca` int(11) NOT NULL,
  `craneo` int(11) NOT NULL,
  `bug` int(11) NOT NULL,
  `gota` int(11) NOT NULL,
  `enojo` int(11) NOT NULL,
  `created_at` timestamp NOT NULL DEFAULT '0000-00-00 00:00:00',
  `updated_at` timestamp NOT NULL DEFAULT '0000-00-00 00:00:00'
) ENGINE=InnoDB  DEFAULT CHARSET=utf8 COLLATE=utf8_unicode_ci AUTO_INCREMENT=3 ;

--
-- Volcado de datos para la tabla `ranks_subfotos`
--

INSERT INTO `ranks_subfotos` (`idRankSubfoto`, `idSubcomentarioFoto`, `idAlias`, `corazon`, `estrella`, `blike`, `carita`, `cake`, `caca`, `craneo`, `bug`, `gota`, `enojo`, `created_at`, `updated_at`) VALUES
(1, 13, 2, 0, 0, 0, 2, 0, 0, 0, 0, 0, 0, '2015-04-03 02:15:36', '2015-04-03 02:15:36'),
(2, 8, 2, 0, 4, 0, 0, 0, 0, 0, 0, 0, 0, '2015-04-05 06:37:35', '2015-04-05 06:37:35');

-- --------------------------------------------------------

--
-- Estructura de tabla para la tabla `redes_publicas`
--

CREATE TABLE IF NOT EXISTS `redes_publicas` (
`idRedPublica` int(10) unsigned NOT NULL,
  `idPerfil` int(10) unsigned NOT NULL,
  `idAlias` int(10) unsigned NOT NULL,
  `nombre` varchar(255) COLLATE utf8_unicode_ci NOT NULL,
  `created_at` timestamp NOT NULL DEFAULT '0000-00-00 00:00:00',
  `updated_at` timestamp NOT NULL DEFAULT '0000-00-00 00:00:00'
) ENGINE=InnoDB  DEFAULT CHARSET=utf8 COLLATE=utf8_unicode_ci AUTO_INCREMENT=8 ;

--
-- Volcado de datos para la tabla `redes_publicas`
--

INSERT INTO `redes_publicas` (`idRedPublica`, `idPerfil`, `idAlias`, `nombre`, `created_at`, `updated_at`) VALUES
(1, 12, 2, 'https://www.facebook.com/', '2015-04-07 23:55:52', '2015-04-07 23:55:52'),
(2, 11, 2, 'Facebook', '2015-04-08 00:05:25', '2015-04-08 00:05:25'),
(3, 11, 2, 'https://www.facebook.com/', '2015-04-08 00:05:41', '2015-04-08 00:05:41'),
(4, 11, 2, 'https://www.facebook.com/OK', '2015-04-08 00:06:12', '2015-04-08 00:06:12'),
(5, 2, 2, 'https://www.facebook.com/', '2015-04-09 19:46:21', '2015-04-09 19:46:21'),
(6, 13, 2, 'facebook.com', '2015-04-11 03:22:53', '2015-04-11 03:22:53'),
(7, 13, 2, 'https://twitter.com/', '2015-04-11 03:27:11', '2015-04-11 03:27:11');

-- --------------------------------------------------------

--
-- Estructura de tabla para la tabla `relaciones`
--

CREATE TABLE IF NOT EXISTS `relaciones` (
`idRelacion` int(10) unsigned NOT NULL,
  `idPerfilBase` int(10) unsigned NOT NULL,
  `idPerfilRelacion` int(10) unsigned NOT NULL,
  `created_at` timestamp NOT NULL DEFAULT '0000-00-00 00:00:00',
  `updated_at` timestamp NOT NULL DEFAULT '0000-00-00 00:00:00'
) ENGINE=InnoDB  DEFAULT CHARSET=utf8 COLLATE=utf8_unicode_ci AUTO_INCREMENT=6 ;

--
-- Volcado de datos para la tabla `relaciones`
--

INSERT INTO `relaciones` (`idRelacion`, `idPerfilBase`, `idPerfilRelacion`, `created_at`, `updated_at`) VALUES
(1, 5, 2, '2015-04-02 22:35:02', '2015-04-02 22:35:02'),
(2, 6, 5, '2015-04-03 01:07:52', '2015-04-03 01:07:52'),
(3, 7, 6, '2015-04-03 01:34:39', '2015-04-03 01:34:39'),
(4, 8, 7, '2015-04-05 01:48:59', '2015-04-05 01:48:59'),
(5, 2, 9, '2015-04-05 22:31:53', '2015-04-05 22:31:53');

-- --------------------------------------------------------

--
-- Estructura de tabla para la tabla `subcomentarios`
--

CREATE TABLE IF NOT EXISTS `subcomentarios` (
`idSubcomentario` int(10) unsigned NOT NULL,
  `idAlias` int(10) unsigned NOT NULL,
  `idPost` int(10) unsigned NOT NULL,
  `comentario` varchar(1200) COLLATE utf8_unicode_ci NOT NULL,
  `video` varchar(255) COLLATE utf8_unicode_ci NOT NULL,
  `created_at` timestamp NOT NULL DEFAULT '0000-00-00 00:00:00',
  `updated_at` timestamp NOT NULL DEFAULT '0000-00-00 00:00:00',
  `link_evi` varchar(255) COLLATE utf8_unicode_ci DEFAULT NULL
) ENGINE=InnoDB  DEFAULT CHARSET=utf8 COLLATE=utf8_unicode_ci AUTO_INCREMENT=30 ;

--
-- Volcado de datos para la tabla `subcomentarios`
--

INSERT INTO `subcomentarios` (`idSubcomentario`, `idAlias`, `idPost`, `comentario`, `video`, `created_at`, `updated_at`, `link_evi`) VALUES
(1, 2, 15, 'fdfgsfdgfd', '', '2015-04-02 05:21:09', '2015-04-02 05:21:09', NULL),
(2, 2, 15, 'Hola este es un coment', 'EHfx9LXzxpw', '2015-04-02 06:33:01', '2015-04-02 06:33:01', NULL),
(3, 4, 19, 'Cool!', '', '2015-04-02 09:31:13', '2015-04-02 09:31:13', NULL),
(4, 4, 19, 'Me gusta la medusa!', 'tzNdscYMabM', '2015-04-02 09:31:42', '2015-04-02 09:31:42', NULL),
(5, 2, 21, 'Este Doctor salvo mi vida le debo todo!', 'EuHEyMvW6k4', '2015-04-02 22:48:22', '2015-04-02 22:48:22', NULL),
(6, 2, 23, 'Es una rata de lo peor', 'y_Mr6C9gwnE', '2015-04-03 01:46:56', '2015-04-03 01:46:56', NULL),
(7, 2, 23, 'sdasdsadsa', 'My7aQxW3hV8', '2015-04-03 02:09:41', '2015-04-03 02:09:41', NULL),
(8, 2, 22, 'sadsdaasdsad', 'My7aQxW3hV8', '2015-04-03 02:15:14', '2015-04-03 02:15:14', NULL),
(9, 2, 22, 'POST NUEVO', 'LJ6f27L54H4', '2015-04-04 06:51:45', '2015-04-04 06:51:45', NULL),
(10, 2, 30, 'Comentario X', 'Kwg3IW_Zyj4', '2015-04-05 03:50:13', '2015-04-05 03:50:13', NULL),
(12, 2, 36, 'cccc', '', '2015-04-05 20:32:22', '2015-04-05 20:32:22', NULL),
(13, 2, 36, 'jejejejejejeje', 'WM3f2AFDk6k', '2015-04-05 21:00:28', '2015-04-05 21:00:28', NULL),
(14, 8, 16, 'hello otro coment', '', '2015-04-05 23:48:22', '2015-04-05 23:48:22', NULL),
(15, 26, 14, 'casds jjdfdfg', 'uxY0To9Cb2g', '2015-04-12 19:41:10', '2015-04-12 19:41:10', NULL),
(16, 26, 14, 'carlo tori', 'uxY0To9Cb2g', '2015-04-12 19:43:59', '2015-04-12 19:43:59', NULL),
(17, 26, 14, 'carlo tori', 'uxY0To9Cb2g', '2015-04-12 19:44:00', '2015-04-12 19:44:00', NULL),
(18, 2, 51, 'mnn,mdnmdnmd', 'V5ZwuluhC1U', '2015-04-12 19:44:52', '2015-04-12 19:44:52', NULL),
(19, 26, 14, 'pusdu sdsd', 'http://www.nerdlikeyou.com/wp-content/uploads/2012/11/universal-translator-comic-picture.jpg', '2015-04-12 19:51:21', '2015-04-12 19:51:21', NULL),
(20, 26, 14, 'fsdf sdfsdf sdfdsf http://www.nerdlikeyou.com/wp-content/uploads/2012/11/universal-translator-comic-picture.jpg', '', '2015-04-12 19:57:05', '2015-04-12 19:57:05', NULL),
(21, 2, 56, 'Esta es otra confesión relacionada a un incidente como este, escrita Esta es otra confesión relacionada a un incidente como este, escritam Esta es otra confesión relacionada a un incidente como este, escrita Esta es otra confesión relacionada a un inciden', '88zXuBqoOlQ', '2015-04-13 01:03:58', '2015-04-13 01:03:58', NULL),
(22, 2, 58, 'dfdsffgf', '', '2015-04-13 20:22:50', '2015-04-13 20:22:50', 'http://www.cosansc.com/article02.html'),
(23, 2, 107, 'dssddssdsd', '', '2015-04-14 01:47:45', '2015-04-14 01:47:45', 'https://login.live.com/login.srf?wa=wsignin1.0&rpsnv=12&ct=1428976054&rver=6.4.6456.0&wp=MBI_SSL_SHARED&wreply=https:%2F%2Fmail.live.com%2Fdefault.aspx&lc=3082&id=64855&mkt=es-es&cbcxt=mai'),
(24, 2, 1, 'A', '', '2015-04-14 17:29:08', '2015-04-14 17:29:08', 'http://www.cosansc.com/article02.html'),
(25, 2, 17, 'fdfddfdffdfdfdfdfddffdfd', '', '2015-04-14 20:12:19', '2015-04-14 20:12:19', 'http://www.cosansc.com/article02.html'),
(26, 2, 111, 'Ottro link largote', '', '2015-04-14 20:14:55', '2015-04-14 20:14:55', 'https://www.google.com.mx/webhp?sourceid=chrome-instant&ion=1&espv=2&ie=UTF-8#q=links%20largos'),
(27, 26, 112, 'sdfdgj sdfdjjd', '', '2015-04-14 20:16:15', '2015-04-14 20:16:15', 'https://my.vudu.com/AccountManage.html#managePayment/'),
(28, 26, 112, 'sdfdgj sdfdjjd', '', '2015-04-14 20:16:16', '2015-04-14 20:16:16', 'https://my.vudu.com/AccountManage.html#managePayment/'),
(29, 2, 118, 'fsddsfdfsdfsdsfdsfdsfdfsd', 'k0ccl5Nq0WA', '2015-04-26 20:07:57', '2015-04-26 20:07:57', 'https://www.youtube.com/watch?v=k0ccl5Nq0WA');

-- --------------------------------------------------------

--
-- Estructura de tabla para la tabla `subcomentarios_fotos`
--

CREATE TABLE IF NOT EXISTS `subcomentarios_fotos` (
`idSubcomentarioFoto` int(10) unsigned NOT NULL,
  `idSubcomentario` int(10) unsigned NOT NULL,
  `imagen` varchar(255) COLLATE utf8_unicode_ci NOT NULL,
  `created_at` timestamp NOT NULL DEFAULT '0000-00-00 00:00:00',
  `updated_at` timestamp NOT NULL DEFAULT '0000-00-00 00:00:00'
) ENGINE=InnoDB  DEFAULT CHARSET=utf8 COLLATE=utf8_unicode_ci AUTO_INCREMENT=33 ;

--
-- Volcado de datos para la tabla `subcomentarios_fotos`
--

INSERT INTO `subcomentarios_fotos` (`idSubcomentarioFoto`, `idSubcomentario`, `imagen`, `created_at`, `updated_at`) VALUES
(1, 2, 'e_1504020033011427934781911.jpg', '2015-04-02 06:33:01', '2015-04-02 06:33:01'),
(2, 2, 'e_1504020033021427934782026.jpg', '2015-04-02 06:33:02', '2015-04-02 06:33:02'),
(3, 4, 'e_1504020331421427945502362.jpg', '2015-04-02 09:31:42', '2015-04-02 09:31:42'),
(4, 4, 'e_1504020331421427945502409.jpg', '2015-04-02 09:31:42', '2015-04-02 09:31:42'),
(5, 4, 'e_1504020331421427945502424.jpg', '2015-04-02 09:31:42', '2015-04-02 09:31:42'),
(6, 5, 'e_1504021648221427993302900.jpg', '2015-04-02 22:48:22', '2015-04-02 22:48:22'),
(7, 5, 'e_1504021648221427993302929.jpg', '2015-04-02 22:48:22', '2015-04-02 22:48:22'),
(8, 5, 'e_1504021648231427993303018.jpg', '2015-04-02 22:48:23', '2015-04-02 22:48:23'),
(9, 7, 'e_1504022009411428005381418.jpg', '2015-04-03 02:09:41', '2015-04-03 02:09:41'),
(10, 7, 'e_1504022009411428005381451.jpg', '2015-04-03 02:09:41', '2015-04-03 02:09:41'),
(11, 7, 'e_1504022009411428005381462.jpg', '2015-04-03 02:09:41', '2015-04-03 02:09:41'),
(12, 7, 'e_1504022009411428005381475.jpg', '2015-04-03 02:09:41', '2015-04-03 02:09:41'),
(13, 8, 'e_1504022015141428005714237.jpg', '2015-04-03 02:15:14', '2015-04-03 02:15:14'),
(14, 8, 'e_1504022015141428005714320.jpg', '2015-04-03 02:15:14', '2015-04-03 02:15:14'),
(15, 8, 'e_1504022015141428005714341.jpg', '2015-04-03 02:15:14', '2015-04-03 02:15:14'),
(16, 8, 'e_1504022015141428005714396.jpg', '2015-04-03 02:15:14', '2015-04-03 02:15:14'),
(17, 8, 'e_1504022015141428005714418.jpg', '2015-04-03 02:15:14', '2015-04-03 02:15:14'),
(18, 9, 'e_1504040051451428108705165.jpg', '2015-04-04 06:51:45', '2015-04-04 06:51:45'),
(19, 10, 'e_1504042150131428205813469.jpg', '2015-04-05 03:50:13', '2015-04-05 03:50:13'),
(20, 10, 'e_1504042150131428205813493.jpg', '2015-04-05 03:50:13', '2015-04-05 03:50:13'),
(21, 10, 'e_1504042150131428205813513.jpg', '2015-04-05 03:50:13', '2015-04-05 03:50:13'),
(22, 13, 'e_1504051600281428267628155.jpg', '2015-04-05 21:00:28', '2015-04-05 21:00:28'),
(23, 13, 'e_1504051600281428267628185.jpg', '2015-04-05 21:00:28', '2015-04-05 21:00:28'),
(24, 13, 'e_1504051600281428267628236.jpg', '2015-04-05 21:00:28', '2015-04-05 21:00:28'),
(25, 18, 'e_1504121444521428867892650.jpg', '2015-04-12 19:44:52', '2015-04-12 19:44:52'),
(26, 21, 'e_1504122003581428887038865.jpg', '2015-04-13 01:03:58', '2015-04-13 01:03:58'),
(27, 21, 'e_1504122003581428887038878.jpg', '2015-04-13 01:03:58', '2015-04-13 01:03:58'),
(28, 21, 'e_1504122003581428887038916.jpg', '2015-04-13 01:03:58', '2015-04-13 01:03:58'),
(29, 21, 'e_1504122003581428887038945.jpg', '2015-04-13 01:03:58', '2015-04-13 01:03:58'),
(30, 23, 'e_1504132047451428976065742.jpg', '2015-04-14 01:47:45', '2015-04-14 01:47:45'),
(31, 23, 'e_1504132047451428976065755.jpg', '2015-04-14 01:47:45', '2015-04-14 01:47:45'),
(32, 29, 'e_1504261507571430078877475.jpg', '2015-04-26 20:07:57', '2015-04-26 20:07:57');

-- --------------------------------------------------------

--
-- Estructura de tabla para la tabla `ubicaciones`
--

CREATE TABLE IF NOT EXISTS `ubicaciones` (
`idUbicacion` int(10) unsigned NOT NULL,
  `idPais` int(10) unsigned NOT NULL,
  `nombre` varchar(255) COLLATE utf8_unicode_ci NOT NULL,
  `bandera` varchar(255) COLLATE utf8_unicode_ci NOT NULL,
  `created_at` timestamp NOT NULL DEFAULT '0000-00-00 00:00:00',
  `updated_at` timestamp NOT NULL DEFAULT '0000-00-00 00:00:00'
) ENGINE=InnoDB DEFAULT CHARSET=utf8 COLLATE=utf8_unicode_ci AUTO_INCREMENT=1 ;

--
-- Índices para tablas volcadas
--

--
-- Indices de la tabla `alias`
--
ALTER TABLE `alias`
 ADD PRIMARY KEY (`idAlias`), ADD UNIQUE KEY `alias_correo_unique` (`correo`);

--
-- Indices de la tabla `amores`
--
ALTER TABLE `amores`
 ADD PRIMARY KEY (`idAmor`), ADD KEY `amores_idalias_foreign` (`idAlias`);

--
-- Indices de la tabla `apodos_publicos`
--
ALTER TABLE `apodos_publicos`
 ADD PRIMARY KEY (`idApodoPublico`), ADD KEY `apodos_publicos_idperfil_foreign` (`idPerfil`), ADD KEY `apodos_publicos_idalias_foreign` (`idAlias`);

--
-- Indices de la tabla `comentarios`
--
ALTER TABLE `comentarios`
 ADD PRIMARY KEY (`idComentario`), ADD KEY `comentarios_idperfil_foreign` (`idPerfil`), ADD KEY `comentarios_idalias_foreign` (`idAlias`);

--
-- Indices de la tabla `comentarios_fotos`
--
ALTER TABLE `comentarios_fotos`
 ADD PRIMARY KEY (`idComentarioFoto`), ADD KEY `comentarios_fotos_idfotopost_foreign` (`idFotoPost`), ADD KEY `comentarios_fotos_idalias_foreign` (`idAlias`);

--
-- Indices de la tabla `comentarios_medias`
--
ALTER TABLE `comentarios_medias`
 ADD PRIMARY KEY (`idComentarioMedia`), ADD KEY `comentarios_medias_idmedia_foreign` (`idMedia`), ADD KEY `comentarios_medias_idalias_foreign` (`idAlias`);

--
-- Indices de la tabla `comentarios_posts`
--
ALTER TABLE `comentarios_posts`
 ADD PRIMARY KEY (`idComentarioPost`), ADD KEY `comentarios_posts_idpost_foreign` (`idPost`), ADD KEY `comentarios_posts_idalias_foreign` (`idAlias`);

--
-- Indices de la tabla `comentarios_subfotos`
--
ALTER TABLE `comentarios_subfotos`
 ADD PRIMARY KEY (`idComentarioSubfoto`), ADD KEY `comentarios_subfotos_idsubcomentariofoto_foreign` (`idSubcomentarioFoto`), ADD KEY `comentarios_subfotos_idalias_foreign` (`idAlias`);

--
-- Indices de la tabla `confiables`
--
ALTER TABLE `confiables`
 ADD PRIMARY KEY (`idConfiable`), ADD KEY `confiables_idalias_foreign` (`idAlias`);

--
-- Indices de la tabla `estados`
--
ALTER TABLE `estados`
 ADD PRIMARY KEY (`idEstado`);

--
-- Indices de la tabla `fotos_posts`
--
ALTER TABLE `fotos_posts`
 ADD PRIMARY KEY (`idFotoPost`), ADD KEY `fotos_posts_idpost_foreign` (`idPost`);

--
-- Indices de la tabla `fotos_publicas`
--
ALTER TABLE `fotos_publicas`
 ADD PRIMARY KEY (`idNombrePublico`), ADD KEY `fotos_publicas_idperfil_foreign` (`idPerfil`), ADD KEY `fotos_publicas_idalias_foreign` (`idAlias`);

--
-- Indices de la tabla `mascaras`
--
ALTER TABLE `mascaras`
 ADD PRIMARY KEY (`idMascara`);

--
-- Indices de la tabla `mascaras_perfiles`
--
ALTER TABLE `mascaras_perfiles`
 ADD PRIMARY KEY (`idMascaraPerfil`), ADD KEY `mascaras_perfiles_idperfil_foreign` (`idPerfil`), ADD KEY `mascaras_perfiles_idmascara_foreign` (`idMascara`);

--
-- Indices de la tabla `mascaras_publicas`
--
ALTER TABLE `mascaras_publicas`
 ADD PRIMARY KEY (`idMascaraPublica`), ADD KEY `mascaras_publicas_idperfil_foreign` (`idPerfil`), ADD KEY `mascaras_publicas_idalias_foreign` (`idAlias`);

--
-- Indices de la tabla `medias`
--
ALTER TABLE `medias`
 ADD PRIMARY KEY (`idMedia`), ADD KEY `medias_idperfil_foreign` (`idPerfil`);

--
-- Indices de la tabla `nombres_publicos`
--
ALTER TABLE `nombres_publicos`
 ADD PRIMARY KEY (`idNombrePublico`), ADD KEY `nombres_publicos_idperfil_foreign` (`idPerfil`), ADD KEY `nombres_publicos_idalias_foreign` (`idAlias`);

--
-- Indices de la tabla `odio_amor`
--
ALTER TABLE `odio_amor`
 ADD PRIMARY KEY (`idVoto`), ADD KEY `idPerfil` (`idPerfil`,`idAlias`);

--
-- Indices de la tabla `paises`
--
ALTER TABLE `paises`
 ADD PRIMARY KEY (`idPais`);

--
-- Indices de la tabla `perfiles`
--
ALTER TABLE `perfiles`
 ADD PRIMARY KEY (`idPerfil`), ADD KEY `perfiles_idalias_foreign` (`idAlias`);

--
-- Indices de la tabla `perfiles_publicos`
--
ALTER TABLE `perfiles_publicos`
 ADD PRIMARY KEY (`idPerfilPublico`), ADD KEY `perfiles_publicos_idperfilbase_foreign` (`idPerfilBase`), ADD KEY `perfiles_publicos_idalias_foreign` (`idAlias`), ADD KEY `perfiles_publicos_idperfilrelacion_foreign` (`idPerfilRelacion`);

--
-- Indices de la tabla `posts`
--
ALTER TABLE `posts`
 ADD PRIMARY KEY (`idPost`), ADD KEY `posts_idalias_foreign` (`idAlias`), ADD KEY `posts_idperfil_foreign` (`idPerfil`);

--
-- Indices de la tabla `ranks`
--
ALTER TABLE `ranks`
 ADD PRIMARY KEY (`idRank`), ADD KEY `ranks_idperfil_foreign` (`idPerfil`), ADD KEY `ranks_idalias_foreign` (`idAlias`);

--
-- Indices de la tabla `ranks_fotos`
--
ALTER TABLE `ranks_fotos`
 ADD PRIMARY KEY (`idRank`), ADD KEY `ranks_fotos_idfotopost_foreign` (`idFotoPost`), ADD KEY `ranks_fotos_idalias_foreign` (`idAlias`);

--
-- Indices de la tabla `ranks_medias`
--
ALTER TABLE `ranks_medias`
 ADD PRIMARY KEY (`idRankMedia`), ADD KEY `ranks_medias_idmedia_foreign` (`idMedia`), ADD KEY `ranks_medias_idalias_foreign` (`idAlias`);

--
-- Indices de la tabla `ranks_perfiles`
--
ALTER TABLE `ranks_perfiles`
 ADD PRIMARY KEY (`idRankPerfil`), ADD KEY `ranks_perfiles_idperfil_foreign` (`idPerfil`), ADD KEY `ranks_perfiles_idalias_foreign` (`idAlias`);

--
-- Indices de la tabla `ranks_posts`
--
ALTER TABLE `ranks_posts`
 ADD PRIMARY KEY (`idRank`), ADD KEY `ranks_posts_idpost_foreign` (`idPost`), ADD KEY `ranks_posts_idalias_foreign` (`idAlias`);

--
-- Indices de la tabla `ranks_subcomentarios`
--
ALTER TABLE `ranks_subcomentarios`
 ADD PRIMARY KEY (`idRankSubcomentario`), ADD KEY `ranks_subcomentarios_idsubcomentario_foreign` (`idSubcomentario`), ADD KEY `ranks_subcomentarios_idalias_foreign` (`idAlias`);

--
-- Indices de la tabla `ranks_subfotos`
--
ALTER TABLE `ranks_subfotos`
 ADD PRIMARY KEY (`idRankSubfoto`), ADD KEY `ranks_subfotos_idsubcomentariofoto_foreign` (`idSubcomentarioFoto`), ADD KEY `ranks_subfotos_idalias_foreign` (`idAlias`);

--
-- Indices de la tabla `redes_publicas`
--
ALTER TABLE `redes_publicas`
 ADD PRIMARY KEY (`idRedPublica`), ADD KEY `redes_publicas_idperfil_foreign` (`idPerfil`), ADD KEY `redes_publicas_idalias_foreign` (`idAlias`);

--
-- Indices de la tabla `relaciones`
--
ALTER TABLE `relaciones`
 ADD PRIMARY KEY (`idRelacion`), ADD UNIQUE KEY `relaciones_idperfilbase_idperfilrelacion_unique` (`idPerfilBase`,`idPerfilRelacion`), ADD KEY `relaciones_idperfilrelacion_foreign` (`idPerfilRelacion`);

--
-- Indices de la tabla `subcomentarios`
--
ALTER TABLE `subcomentarios`
 ADD PRIMARY KEY (`idSubcomentario`), ADD KEY `subcomentarios_idalias_foreign` (`idAlias`), ADD KEY `subcomentarios_idpost_foreign` (`idPost`);

--
-- Indices de la tabla `subcomentarios_fotos`
--
ALTER TABLE `subcomentarios_fotos`
 ADD PRIMARY KEY (`idSubcomentarioFoto`), ADD KEY `subcomentarios_fotos_idsubcomentario_foreign` (`idSubcomentario`);

--
-- Indices de la tabla `ubicaciones`
--
ALTER TABLE `ubicaciones`
 ADD PRIMARY KEY (`idUbicacion`), ADD KEY `ubicaciones_idpais_foreign` (`idPais`);

--
-- AUTO_INCREMENT de las tablas volcadas
--

--
-- AUTO_INCREMENT de la tabla `alias`
--
ALTER TABLE `alias`
MODIFY `idAlias` int(10) unsigned NOT NULL AUTO_INCREMENT,AUTO_INCREMENT=32;
--
-- AUTO_INCREMENT de la tabla `amores`
--
ALTER TABLE `amores`
MODIFY `idAmor` int(10) unsigned NOT NULL AUTO_INCREMENT,AUTO_INCREMENT=15;
--
-- AUTO_INCREMENT de la tabla `apodos_publicos`
--
ALTER TABLE `apodos_publicos`
MODIFY `idApodoPublico` int(10) unsigned NOT NULL AUTO_INCREMENT,AUTO_INCREMENT=11;
--
-- AUTO_INCREMENT de la tabla `comentarios`
--
ALTER TABLE `comentarios`
MODIFY `idComentario` int(10) unsigned NOT NULL AUTO_INCREMENT,AUTO_INCREMENT=8;
--
-- AUTO_INCREMENT de la tabla `comentarios_fotos`
--
ALTER TABLE `comentarios_fotos`
MODIFY `idComentarioFoto` int(10) unsigned NOT NULL AUTO_INCREMENT,AUTO_INCREMENT=72;
--
-- AUTO_INCREMENT de la tabla `comentarios_medias`
--
ALTER TABLE `comentarios_medias`
MODIFY `idComentarioMedia` int(10) unsigned NOT NULL AUTO_INCREMENT;
--
-- AUTO_INCREMENT de la tabla `comentarios_posts`
--
ALTER TABLE `comentarios_posts`
MODIFY `idComentarioPost` int(10) unsigned NOT NULL AUTO_INCREMENT,AUTO_INCREMENT=29;
--
-- AUTO_INCREMENT de la tabla `comentarios_subfotos`
--
ALTER TABLE `comentarios_subfotos`
MODIFY `idComentarioSubfoto` int(10) unsigned NOT NULL AUTO_INCREMENT,AUTO_INCREMENT=13;
--
-- AUTO_INCREMENT de la tabla `confiables`
--
ALTER TABLE `confiables`
MODIFY `idConfiable` int(10) unsigned NOT NULL AUTO_INCREMENT,AUTO_INCREMENT=73;
--
-- AUTO_INCREMENT de la tabla `estados`
--
ALTER TABLE `estados`
MODIFY `idEstado` int(10) unsigned NOT NULL AUTO_INCREMENT,AUTO_INCREMENT=3;
--
-- AUTO_INCREMENT de la tabla `fotos_posts`
--
ALTER TABLE `fotos_posts`
MODIFY `idFotoPost` int(10) unsigned NOT NULL AUTO_INCREMENT,AUTO_INCREMENT=138;
--
-- AUTO_INCREMENT de la tabla `fotos_publicas`
--
ALTER TABLE `fotos_publicas`
MODIFY `idNombrePublico` int(10) unsigned NOT NULL AUTO_INCREMENT,AUTO_INCREMENT=12;
--
-- AUTO_INCREMENT de la tabla `mascaras`
--
ALTER TABLE `mascaras`
MODIFY `idMascara` int(10) unsigned NOT NULL AUTO_INCREMENT,AUTO_INCREMENT=16;
--
-- AUTO_INCREMENT de la tabla `mascaras_perfiles`
--
ALTER TABLE `mascaras_perfiles`
MODIFY `idMascaraPerfil` int(10) unsigned NOT NULL AUTO_INCREMENT,AUTO_INCREMENT=2;
--
-- AUTO_INCREMENT de la tabla `mascaras_publicas`
--
ALTER TABLE `mascaras_publicas`
MODIFY `idMascaraPublica` int(10) unsigned NOT NULL AUTO_INCREMENT,AUTO_INCREMENT=30;
--
-- AUTO_INCREMENT de la tabla `medias`
--
ALTER TABLE `medias`
MODIFY `idMedia` int(10) unsigned NOT NULL AUTO_INCREMENT,AUTO_INCREMENT=32;
--
-- AUTO_INCREMENT de la tabla `nombres_publicos`
--
ALTER TABLE `nombres_publicos`
MODIFY `idNombrePublico` int(10) unsigned NOT NULL AUTO_INCREMENT,AUTO_INCREMENT=4;
--
-- AUTO_INCREMENT de la tabla `paises`
--
ALTER TABLE `paises`
MODIFY `idPais` int(10) unsigned NOT NULL AUTO_INCREMENT,AUTO_INCREMENT=23;
--
-- AUTO_INCREMENT de la tabla `perfiles`
--
ALTER TABLE `perfiles`
MODIFY `idPerfil` int(10) unsigned NOT NULL AUTO_INCREMENT,AUTO_INCREMENT=21;
--
-- AUTO_INCREMENT de la tabla `perfiles_publicos`
--
ALTER TABLE `perfiles_publicos`
MODIFY `idPerfilPublico` int(10) unsigned NOT NULL AUTO_INCREMENT,AUTO_INCREMENT=12;
--
-- AUTO_INCREMENT de la tabla `posts`
--
ALTER TABLE `posts`
MODIFY `idPost` int(10) unsigned NOT NULL AUTO_INCREMENT,AUTO_INCREMENT=122;
--
-- AUTO_INCREMENT de la tabla `ranks`
--
ALTER TABLE `ranks`
MODIFY `idRank` int(10) unsigned NOT NULL AUTO_INCREMENT,AUTO_INCREMENT=4;
--
-- AUTO_INCREMENT de la tabla `ranks_fotos`
--
ALTER TABLE `ranks_fotos`
MODIFY `idRank` int(10) unsigned NOT NULL AUTO_INCREMENT,AUTO_INCREMENT=14;
--
-- AUTO_INCREMENT de la tabla `ranks_medias`
--
ALTER TABLE `ranks_medias`
MODIFY `idRankMedia` int(10) unsigned NOT NULL AUTO_INCREMENT;
--
-- AUTO_INCREMENT de la tabla `ranks_perfiles`
--
ALTER TABLE `ranks_perfiles`
MODIFY `idRankPerfil` int(10) unsigned NOT NULL AUTO_INCREMENT,AUTO_INCREMENT=12;
--
-- AUTO_INCREMENT de la tabla `ranks_posts`
--
ALTER TABLE `ranks_posts`
MODIFY `idRank` int(10) unsigned NOT NULL AUTO_INCREMENT,AUTO_INCREMENT=20;
--
-- AUTO_INCREMENT de la tabla `ranks_subcomentarios`
--
ALTER TABLE `ranks_subcomentarios`
MODIFY `idRankSubcomentario` int(10) unsigned NOT NULL AUTO_INCREMENT,AUTO_INCREMENT=4;
--
-- AUTO_INCREMENT de la tabla `ranks_subfotos`
--
ALTER TABLE `ranks_subfotos`
MODIFY `idRankSubfoto` int(10) unsigned NOT NULL AUTO_INCREMENT,AUTO_INCREMENT=3;
--
-- AUTO_INCREMENT de la tabla `redes_publicas`
--
ALTER TABLE `redes_publicas`
MODIFY `idRedPublica` int(10) unsigned NOT NULL AUTO_INCREMENT,AUTO_INCREMENT=8;
--
-- AUTO_INCREMENT de la tabla `relaciones`
--
ALTER TABLE `relaciones`
MODIFY `idRelacion` int(10) unsigned NOT NULL AUTO_INCREMENT,AUTO_INCREMENT=6;
--
-- AUTO_INCREMENT de la tabla `subcomentarios`
--
ALTER TABLE `subcomentarios`
MODIFY `idSubcomentario` int(10) unsigned NOT NULL AUTO_INCREMENT,AUTO_INCREMENT=30;
--
-- AUTO_INCREMENT de la tabla `subcomentarios_fotos`
--
ALTER TABLE `subcomentarios_fotos`
MODIFY `idSubcomentarioFoto` int(10) unsigned NOT NULL AUTO_INCREMENT,AUTO_INCREMENT=33;
--
-- AUTO_INCREMENT de la tabla `ubicaciones`
--
ALTER TABLE `ubicaciones`
MODIFY `idUbicacion` int(10) unsigned NOT NULL AUTO_INCREMENT;
--
-- Restricciones para tablas volcadas
--

--
-- Filtros para la tabla `amores`
--
ALTER TABLE `amores`
ADD CONSTRAINT `amores_idalias_foreign` FOREIGN KEY (`idAlias`) REFERENCES `alias` (`idAlias`) ON DELETE CASCADE;

--
-- Filtros para la tabla `apodos_publicos`
--
ALTER TABLE `apodos_publicos`
ADD CONSTRAINT `apodos_publicos_idalias_foreign` FOREIGN KEY (`idAlias`) REFERENCES `alias` (`idAlias`) ON DELETE CASCADE,
ADD CONSTRAINT `apodos_publicos_idperfil_foreign` FOREIGN KEY (`idPerfil`) REFERENCES `perfiles` (`idPerfil`) ON DELETE CASCADE;

--
-- Filtros para la tabla `comentarios`
--
ALTER TABLE `comentarios`
ADD CONSTRAINT `comentarios_idalias_foreign` FOREIGN KEY (`idAlias`) REFERENCES `alias` (`idAlias`) ON DELETE CASCADE,
ADD CONSTRAINT `comentarios_idperfil_foreign` FOREIGN KEY (`idPerfil`) REFERENCES `perfiles` (`idPerfil`) ON DELETE CASCADE;

--
-- Filtros para la tabla `comentarios_fotos`
--
ALTER TABLE `comentarios_fotos`
ADD CONSTRAINT `comentarios_fotos_idalias_foreign` FOREIGN KEY (`idAlias`) REFERENCES `alias` (`idAlias`) ON DELETE CASCADE,
ADD CONSTRAINT `comentarios_fotos_idfotopost_foreign` FOREIGN KEY (`idFotoPost`) REFERENCES `fotos_posts` (`idFotoPost`) ON DELETE CASCADE;

--
-- Filtros para la tabla `comentarios_medias`
--
ALTER TABLE `comentarios_medias`
ADD CONSTRAINT `comentarios_medias_idalias_foreign` FOREIGN KEY (`idAlias`) REFERENCES `alias` (`idAlias`) ON DELETE CASCADE,
ADD CONSTRAINT `comentarios_medias_idmedia_foreign` FOREIGN KEY (`idMedia`) REFERENCES `medias` (`idMedia`) ON DELETE CASCADE;

--
-- Filtros para la tabla `comentarios_posts`
--
ALTER TABLE `comentarios_posts`
ADD CONSTRAINT `comentarios_posts_idalias_foreign` FOREIGN KEY (`idAlias`) REFERENCES `alias` (`idAlias`) ON DELETE CASCADE,
ADD CONSTRAINT `comentarios_posts_idpost_foreign` FOREIGN KEY (`idPost`) REFERENCES `posts` (`idPost`) ON DELETE CASCADE;

--
-- Filtros para la tabla `comentarios_subfotos`
--
ALTER TABLE `comentarios_subfotos`
ADD CONSTRAINT `comentarios_subfotos_idalias_foreign` FOREIGN KEY (`idAlias`) REFERENCES `alias` (`idAlias`) ON DELETE CASCADE,
ADD CONSTRAINT `comentarios_subfotos_idsubcomentariofoto_foreign` FOREIGN KEY (`idSubcomentarioFoto`) REFERENCES `subcomentarios_fotos` (`idSubcomentarioFoto`) ON DELETE CASCADE;

--
-- Filtros para la tabla `confiables`
--
ALTER TABLE `confiables`
ADD CONSTRAINT `confiables_idalias_foreign` FOREIGN KEY (`idAlias`) REFERENCES `alias` (`idAlias`) ON DELETE CASCADE;

--
-- Filtros para la tabla `fotos_posts`
--
ALTER TABLE `fotos_posts`
ADD CONSTRAINT `fotos_posts_idpost_foreign` FOREIGN KEY (`idPost`) REFERENCES `posts` (`idPost`) ON DELETE CASCADE;

--
-- Filtros para la tabla `fotos_publicas`
--
ALTER TABLE `fotos_publicas`
ADD CONSTRAINT `fotos_publicas_idalias_foreign` FOREIGN KEY (`idAlias`) REFERENCES `alias` (`idAlias`) ON DELETE CASCADE,
ADD CONSTRAINT `fotos_publicas_idperfil_foreign` FOREIGN KEY (`idPerfil`) REFERENCES `perfiles` (`idPerfil`) ON DELETE CASCADE;

--
-- Filtros para la tabla `mascaras_perfiles`
--
ALTER TABLE `mascaras_perfiles`
ADD CONSTRAINT `mascaras_perfiles_idmascara_foreign` FOREIGN KEY (`idMascara`) REFERENCES `mascaras` (`idMascara`) ON DELETE CASCADE,
ADD CONSTRAINT `mascaras_perfiles_idperfil_foreign` FOREIGN KEY (`idPerfil`) REFERENCES `perfiles` (`idPerfil`) ON DELETE CASCADE;

--
-- Filtros para la tabla `mascaras_publicas`
--
ALTER TABLE `mascaras_publicas`
ADD CONSTRAINT `mascaras_publicas_idalias_foreign` FOREIGN KEY (`idAlias`) REFERENCES `alias` (`idAlias`) ON DELETE CASCADE,
ADD CONSTRAINT `mascaras_publicas_idperfil_foreign` FOREIGN KEY (`idPerfil`) REFERENCES `perfiles` (`idPerfil`) ON DELETE CASCADE;

--
-- Filtros para la tabla `medias`
--
ALTER TABLE `medias`
ADD CONSTRAINT `medias_idperfil_foreign` FOREIGN KEY (`idPerfil`) REFERENCES `perfiles` (`idPerfil`) ON DELETE CASCADE;

--
-- Filtros para la tabla `nombres_publicos`
--
ALTER TABLE `nombres_publicos`
ADD CONSTRAINT `nombres_publicos_idalias_foreign` FOREIGN KEY (`idAlias`) REFERENCES `alias` (`idAlias`) ON DELETE CASCADE,
ADD CONSTRAINT `nombres_publicos_idperfil_foreign` FOREIGN KEY (`idPerfil`) REFERENCES `perfiles` (`idPerfil`) ON DELETE CASCADE;

--
-- Filtros para la tabla `perfiles`
--
ALTER TABLE `perfiles`
ADD CONSTRAINT `perfiles_idalias_foreign` FOREIGN KEY (`idAlias`) REFERENCES `alias` (`idAlias`) ON DELETE CASCADE;

--
-- Filtros para la tabla `perfiles_publicos`
--
ALTER TABLE `perfiles_publicos`
ADD CONSTRAINT `perfiles_publicos_idalias_foreign` FOREIGN KEY (`idAlias`) REFERENCES `alias` (`idAlias`) ON DELETE CASCADE,
ADD CONSTRAINT `perfiles_publicos_idperfilbase_foreign` FOREIGN KEY (`idPerfilBase`) REFERENCES `perfiles` (`idPerfil`) ON DELETE CASCADE,
ADD CONSTRAINT `perfiles_publicos_idperfilrelacion_foreign` FOREIGN KEY (`idPerfilRelacion`) REFERENCES `perfiles` (`idPerfil`) ON DELETE CASCADE;

--
-- Filtros para la tabla `posts`
--
ALTER TABLE `posts`
ADD CONSTRAINT `posts_idalias_foreign` FOREIGN KEY (`idAlias`) REFERENCES `alias` (`idAlias`) ON DELETE CASCADE,
ADD CONSTRAINT `posts_idperfil_foreign` FOREIGN KEY (`idPerfil`) REFERENCES `perfiles` (`idPerfil`) ON DELETE CASCADE;

--
-- Filtros para la tabla `ranks`
--
ALTER TABLE `ranks`
ADD CONSTRAINT `ranks_idalias_foreign` FOREIGN KEY (`idAlias`) REFERENCES `alias` (`idAlias`) ON DELETE CASCADE,
ADD CONSTRAINT `ranks_idperfil_foreign` FOREIGN KEY (`idPerfil`) REFERENCES `perfiles` (`idPerfil`) ON DELETE CASCADE;

--
-- Filtros para la tabla `ranks_fotos`
--
ALTER TABLE `ranks_fotos`
ADD CONSTRAINT `ranks_fotos_idalias_foreign` FOREIGN KEY (`idAlias`) REFERENCES `alias` (`idAlias`) ON DELETE CASCADE,
ADD CONSTRAINT `ranks_fotos_idfotopost_foreign` FOREIGN KEY (`idFotoPost`) REFERENCES `fotos_posts` (`idFotoPost`) ON DELETE CASCADE;

--
-- Filtros para la tabla `ranks_medias`
--
ALTER TABLE `ranks_medias`
ADD CONSTRAINT `ranks_medias_idalias_foreign` FOREIGN KEY (`idAlias`) REFERENCES `alias` (`idAlias`) ON DELETE CASCADE,
ADD CONSTRAINT `ranks_medias_idmedia_foreign` FOREIGN KEY (`idMedia`) REFERENCES `medias` (`idMedia`) ON DELETE CASCADE;

--
-- Filtros para la tabla `ranks_perfiles`
--
ALTER TABLE `ranks_perfiles`
ADD CONSTRAINT `ranks_perfiles_idalias_foreign` FOREIGN KEY (`idAlias`) REFERENCES `alias` (`idAlias`) ON DELETE CASCADE,
ADD CONSTRAINT `ranks_perfiles_idperfil_foreign` FOREIGN KEY (`idPerfil`) REFERENCES `perfiles` (`idPerfil`) ON DELETE CASCADE;

--
-- Filtros para la tabla `ranks_posts`
--
ALTER TABLE `ranks_posts`
ADD CONSTRAINT `ranks_posts_idalias_foreign` FOREIGN KEY (`idAlias`) REFERENCES `alias` (`idAlias`) ON DELETE CASCADE,
ADD CONSTRAINT `ranks_posts_idpost_foreign` FOREIGN KEY (`idPost`) REFERENCES `posts` (`idPost`) ON DELETE CASCADE;

--
-- Filtros para la tabla `ranks_subcomentarios`
--
ALTER TABLE `ranks_subcomentarios`
ADD CONSTRAINT `ranks_subcomentarios_idalias_foreign` FOREIGN KEY (`idAlias`) REFERENCES `alias` (`idAlias`) ON DELETE CASCADE,
ADD CONSTRAINT `ranks_subcomentarios_idsubcomentario_foreign` FOREIGN KEY (`idSubcomentario`) REFERENCES `subcomentarios` (`idSubcomentario`) ON DELETE CASCADE;

--
-- Filtros para la tabla `ranks_subfotos`
--
ALTER TABLE `ranks_subfotos`
ADD CONSTRAINT `ranks_subfotos_idalias_foreign` FOREIGN KEY (`idAlias`) REFERENCES `alias` (`idAlias`) ON DELETE CASCADE,
ADD CONSTRAINT `ranks_subfotos_idsubcomentariofoto_foreign` FOREIGN KEY (`idSubcomentarioFoto`) REFERENCES `subcomentarios_fotos` (`idSubcomentarioFoto`) ON DELETE CASCADE;

--
-- Filtros para la tabla `redes_publicas`
--
ALTER TABLE `redes_publicas`
ADD CONSTRAINT `redes_publicas_idalias_foreign` FOREIGN KEY (`idAlias`) REFERENCES `alias` (`idAlias`) ON DELETE CASCADE,
ADD CONSTRAINT `redes_publicas_idperfil_foreign` FOREIGN KEY (`idPerfil`) REFERENCES `perfiles` (`idPerfil`) ON DELETE CASCADE;

--
-- Filtros para la tabla `relaciones`
--
ALTER TABLE `relaciones`
ADD CONSTRAINT `relaciones_idperfilbase_foreign` FOREIGN KEY (`idPerfilBase`) REFERENCES `perfiles` (`idPerfil`) ON DELETE CASCADE,
ADD CONSTRAINT `relaciones_idperfilrelacion_foreign` FOREIGN KEY (`idPerfilRelacion`) REFERENCES `perfiles` (`idPerfil`) ON DELETE CASCADE;

--
-- Filtros para la tabla `subcomentarios`
--
ALTER TABLE `subcomentarios`
ADD CONSTRAINT `subcomentarios_idalias_foreign` FOREIGN KEY (`idAlias`) REFERENCES `alias` (`idAlias`) ON DELETE CASCADE,
ADD CONSTRAINT `subcomentarios_idpost_foreign` FOREIGN KEY (`idPost`) REFERENCES `posts` (`idPost`) ON DELETE CASCADE;

--
-- Filtros para la tabla `subcomentarios_fotos`
--
ALTER TABLE `subcomentarios_fotos`
ADD CONSTRAINT `subcomentarios_fotos_idsubcomentario_foreign` FOREIGN KEY (`idSubcomentario`) REFERENCES `subcomentarios` (`idSubcomentario`) ON DELETE CASCADE;

--
-- Filtros para la tabla `ubicaciones`
--
ALTER TABLE `ubicaciones`
ADD CONSTRAINT `ubicaciones_idpais_foreign` FOREIGN KEY (`idPais`) REFERENCES `paises` (`idPais`) ON DELETE CASCADE;

/*!40101 SET CHARACTER_SET_CLIENT=@OLD_CHARACTER_SET_CLIENT */;
/*!40101 SET CHARACTER_SET_RESULTS=@OLD_CHARACTER_SET_RESULTS */;
/*!40101 SET COLLATION_CONNECTION=@OLD_COLLATION_CONNECTION */;
